日付,A社,B社,C社,D社
2010-01-04,2909.0,866.0,1060.0,966.0
2010-01-05,2981.0,883.0,1113.0,953.0
2010-01-06,3005.0,885.0,1110.0,960.0
2010-01-07,2975.0,885.0,1113.0,964.0
2010-01-08,2889.0,885.0,1160.0,950.0
2010-01-12,2902.0,892.0,1155.0,955.0
2010-01-13,2853.0,884.0,1108.0,936.0
2010-01-14,2892.0,895.0,1094.0,949.0
2010-01-15,2895.0,880.0,1090.0,946.0
2010-01-18,2888.0,878.0,1072.0,945.0
2010-01-19,2891.0,876.0,1080.0,945.0
2010-01-20,2888.0,879.0,1067.0,951.0
2010-01-21,2911.0,876.0,1072.0,970.0
2010-01-22,2770.0,877.0,1062.0,954.0
2010-01-25,2767.0,875.0,1052.0,967.0
2010-01-26,2763.0,871.0,1050.0,965.0
2010-01-27,2842.0,881.0,1034.0,957.0
2010-01-28,2895.0,886.0,1038.0,972.0
2010-01-29,2810.0,872.0,1020.0,965.0
2010-02-01,2821.0,856.0,1028.0,970.0
2010-02-02,2822.0,872.0,1034.0,953.0
2010-02-03,2666.0,874.0,1031.0,960.0
2010-02-04,2709.0,878.0,1041.0,979.0
2010-02-05,2688.0,865.0,1028.0,973.0
2010-02-08,2653.0,852.0,1026.0,967.0
2010-02-09,2613.0,831.0,1002.0,955.0
2010-02-10,2599.0,838.0,979.0,967.0
2010-02-12,2599.0,866.0,969.0,987.0
2010-02-15,2629.0,863.0,957.0,997.0
2010-02-16,2627.0,862.0,969.0,996.0
2010-02-17,2692.0,868.0,993.0,1003.0
2010-02-18,2748.0,855.0,1003.0,1003.0
2010-02-19,2691.0,857.0,984.0,998.0
2010-02-22,2752.0,839.0,979.0,1012.0
2010-02-23,2759.0,856.0,993.0,1002.0
2010-02-24,2715.0,878.0,988.0,992.0
2010-02-25,2744.0,870.0,993.0,999.0
2010-02-26,2759.0,882.0,993.0,1001.0
2010-03-01,2767.0,903.0,989.0,1004.0
2010-03-02,2742.0,919.0,1008.0,1006.0
2010-03-03,2693.0,907.0,1001.0,1007.0
2010-03-04,2683.0,895.0,1018.0,1001.0
2010-03-05,2760.0,901.0,1017.0,1015.0
2010-03-08,2790.0,900.0,1044.0,1034.0
2010-03-09,2850.0,886.0,1042.0,1031.0
2010-03-10,2885.0,871.0,1045.0,1042.0
2010-03-11,2892.0,882.0,1059.0,1051.0
2010-03-12,2932.0,873.0,1064.0,1054.0
2010-03-15,2937.0,872.0,1076.0,1045.0
2010-03-16,2944.0,884.0,1063.0,1045.0
2010-03-17,2960.0,909.0,1082.0,1053.0
2010-03-18,2963.0,921.0,1103.0,1051.0
2010-03-19,2984.0,925.0,1091.0,1055.0
2010-03-23,2963.0,939.0,1091.0,1056.0
2010-03-24,2964.0,940.0,1085.0,1065.0
2010-03-25,2983.0,943.0,1087.0,1060.0
2010-03-26,3020.0,952.0,1091.0,1069.0
2010-03-29,3020.0,939.0,1096.0,1061.0
2010-03-30,3040.0,933.0,1115.0,1087.0
2010-03-31,3115.0,928.0,1138.0,1123.0
2010-04-01,3100.0,968.0,1127.0,1116.0
2010-04-02,3185.0,981.0,1123.0,1113.0
2010-04-05,3195.0,993.0,1149.0,1129.0
2010-04-06,3190.0,998.0,1150.0,1128.0
2010-04-07,3180.0,1004.0,1190.0,1154.0
2010-04-08,3105.0,1000.0,1188.0,1145.0
2010-04-09,3080.0,998.0,1185.0,1137.0
2010-04-12,3205.0,1015.0,1242.0,1156.0
2010-04-13,3180.0,1018.0,1218.0,1149.0
2010-04-14,3195.0,1026.0,1251.0,1141.0
2010-04-15,3230.0,1037.0,1258.0,1145.0
2010-04-16,3155.0,1041.0,1242.0,1136.0
2010-04-19,3115.0,1036.0,1272.0,1116.0
2010-04-20,3145.0,1026.0,1269.0,1132.0
2010-04-21,3245.0,1039.0,1304.0,1134.0
2010-04-22,3235.0,1036.0,1320.0,1118.0
2010-04-23,3340.0,1109.0,1345.0,1153.0
2010-04-26,3485.0,1143.0,1365.0,1173.0
2010-04-27,3470.0,1118.0,1350.0,1164.0
2010-04-28,3380.0,1102.0,1323.0,1117.0
2010-04-30,3415.0,1138.0,1343.0,1151.0
2010-05-06,3355.0,1130.0,1319.0,1131.0
2010-05-07,3245.0,1053.0,1264.0,1109.0
2010-05-10,3325.0,1101.0,1284.0,1078.0
2010-05-11,3230.0,1123.0,1272.0,1084.0
2010-05-12,3570.0,1098.0,1294.0,1069.0
2010-05-13,3580.0,1083.0,1319.0,1097.0
2010-05-14,3550.0,1072.0,1270.0,1071.0
2010-05-17,3570.0,1107.0,1193.0,1048.0
2010-05-18,3575.0,1090.0,1171.0,1029.0
2010-05-19,3470.0,1073.0,1149.0,1027.0
2010-05-20,3490.0,1044.0,1162.0,1025.0
2010-05-21,3370.0,1011.0,1102.0,996.0
2010-05-24,3380.0,1023.0,1122.0,1005.0
2010-05-25,3280.0,1017.0,1073.0,980.0
2010-05-26,3350.0,984.0,1084.0,944.0
2010-05-27,3345.0,1015.0,1073.0,944.0
2010-05-28,3355.0,1048.0,1084.0,985.0
2010-05-31,3385.0,1102.0,1089.0,1001.0
2010-06-01,3360.0,1094.0,1102.0,996.0
2010-06-02,3325.0,1083.0,1082.0,984.0
2010-06-03,3465.0,1118.0,1091.0,994.0
2010-06-04,3465.0,1136.0,1072.0,1003.0
2010-06-07,3320.0,1085.0,1057.0,972.0
2010-06-08,3460.0,1101.0,1077.0,997.0
2010-06-09,3505.0,1077.0,1123.0,997.0
2010-06-10,3530.0,1058.0,1137.0,997.0
2010-06-11,3535.0,1056.0,1161.0,1012.0
2010-06-14,3635.0,1068.0,1150.0,1024.0
2010-06-15,3680.0,1063.0,1136.0,1006.0
2010-06-16,3795.0,1066.0,1165.0,1029.0
2010-06-17,3795.0,1064.0,1174.0,1023.0
2010-06-18,3815.0,1065.0,1181.0,1046.0
2010-06-21,3850.0,1106.0,1206.0,1048.0
2010-06-22,3825.0,1081.0,1202.0,1054.0
2010-06-23,3505.0,1087.0,1159.0,1012.0
2010-06-24,3480.0,1093.0,1157.0,1016.0
2010-06-25,3395.0,1097.0,1123.0,1007.0
2010-06-28,3370.0,1078.0,1082.0,1023.0
2010-06-29,3360.0,1073.0,1059.0,1014.0
2010-06-30,3300.0,1085.0,1059.0,1014.0
2010-07-01,3240.0,1057.0,1037.0,996.0
2010-07-02,3230.0,1079.0,1062.0,1004.0
2010-07-05,3265.0,1086.0,1060.0,1027.0
2010-07-06,3315.0,1110.0,1081.0,1039.0
2010-07-07,3275.0,1107.0,1045.0,1020.0
2010-07-08,3345.0,1121.0,1061.0,1027.0
2010-07-09,3315.0,1113.0,1044.0,1030.0
2010-07-12,3225.0,1107.0,1042.0,1018.0
2010-07-13,3200.0,1112.0,1019.0,997.0
2010-07-14,3275.0,1168.0,1026.0,1008.0
2010-07-15,3295.0,1141.0,1021.0,990.0
2010-07-16,3160.0,1116.0,1001.0,973.0
2010-07-20,3135.0,1108.0,994.0,958.0
2010-07-21,3120.0,1077.0,981.0,952.0
2010-07-22,3055.0,1064.0,994.0,934.0
2010-07-23,3165.0,1076.0,1023.0,937.0
2010-07-26,3170.0,1088.0,1024.0,950.0
2010-07-27,3145.0,1072.0,1030.0,956.0
2010-07-28,3275.0,1064.0,1036.0,960.0
2010-07-29,3170.0,1039.0,1013.0,971.0
2010-07-30,3140.0,1029.0,1032.0,936.0
2010-08-02,3155.0,1025.0,1026.0,948.0
2010-08-03,3185.0,1022.0,1021.0,954.0
2010-08-04,3000.0,985.0,996.0,924.0
2010-08-05,2942.0,995.0,1014.0,952.0
2010-08-06,2939.0,997.0,1017.0,964.0
2010-08-09,2925.0,1006.0,1022.0,962.0
2010-08-10,2870.0,966.0,1009.0,962.0
2010-08-11,2813.0,957.0,989.0,961.0
2010-08-12,2775.0,909.0,966.0,950.0
2010-08-13,2817.0,898.0,944.0,946.0
2010-08-16,2767.0,891.0,917.0,933.0
2010-08-17,2725.0,882.0,902.0,925.0
2010-08-18,2700.0,878.0,883.0,931.0
2010-08-19,2810.0,891.0,882.0,933.0
2010-08-20,2735.0,866.0,872.0,908.0
2010-08-23,2716.0,853.0,883.0,903.0
2010-08-24,2669.0,838.0,862.0,907.0
2010-08-25,2641.0,839.0,905.0,921.0
2010-08-26,2637.0,841.0,927.0,921.0
2010-08-27,2634.0,867.0,972.0,947.0
2010-08-30,2732.0,870.0,990.0,959.0
2010-08-31,2628.0,853.0,948.0,905.0
2010-09-01,2641.0,841.0,886.0,910.0
2010-09-02,2709.0,848.0,942.0,924.0
2010-09-03,2775.0,858.0,961.0,962.0
2010-09-06,2827.0,874.0,946.0,954.0
2010-09-07,2785.0,893.0,919.0,932.0
2010-09-08,2702.0,872.0,901.0,921.0
2010-09-09,2715.0,878.0,901.0,919.0
2010-09-10,2814.0,853.0,904.0,897.0
2010-09-13,2818.0,849.0,901.0,901.0
2010-09-14,2803.0,853.0,899.0,901.0
2010-09-15,2866.0,861.0,901.0,903.0
2010-09-16,2814.0,861.0,888.0,901.0
2010-09-17,2887.0,867.0,894.0,904.0
2010-09-21,2795.0,884.0,895.0,904.0
2010-09-22,2785.0,870.0,906.0,911.0
2010-09-24,2749.0,847.0,867.0,931.0
2010-09-27,2771.0,874.0,888.0,962.0
2010-09-28,2703.0,862.0,865.0,962.0
2010-09-29,2724.0,863.0,929.0,969.0
2010-09-30,2639.0,845.0,902.0,947.0
2010-10-01,2575.0,842.0,895.0,950.0
2010-10-04,2486.0,832.0,888.0,932.0
2010-10-05,2547.0,849.0,891.0,954.0
2010-10-06,2598.0,875.0,930.0,919.0
2010-10-07,2592.0,884.0,944.0,917.0
2010-10-08,2552.0,872.0,924.0,892.0
2010-10-12,2504.0,838.0,908.0,861.0
2010-10-13,2473.0,840.0,896.0,880.0
2010-10-14,2539.0,846.0,900.0,896.0
2010-10-15,2454.0,819.0,897.0,874.0
2010-10-18,2495.0,819.0,905.0,888.0
2010-10-19,2499.0,837.0,913.0,881.0
2010-10-20,2470.0,847.0,894.0,864.0
2010-10-21,2506.0,854.0,884.0,858.0
2010-10-22,2511.0,864.0,904.0,853.0
2010-10-25,2495.0,871.0,896.0,842.0
2010-10-26,2494.0,856.0,887.0,840.0
2010-10-27,2522.0,861.0,892.0,851.0
2010-10-28,2507.0,854.0,904.0,875.0
2010-10-29,2473.0,856.0,890.0,857.0
2010-11-01,2502.0,835.0,882.0,866.0
2010-11-02,2480.0,825.0,869.0,837.0
2010-11-04,2603.0,828.0,914.0,837.0
2010-11-05,2700.0,838.0,966.0,859.0
2010-11-08,2671.0,849.0,994.0,864.0
2010-11-09,2607.0,825.0,988.0,858.0
2010-11-10,2713.0,845.0,997.0,867.0
2010-11-11,2708.0,849.0,1007.0,878.0
2010-11-12,2650.0,841.0,979.0,866.0
2010-11-15,2662.0,847.0,989.0,874.0
2010-11-16,2618.0,906.0,993.0,870.0
2010-11-17,2616.0,904.0,971.0,872.0
2010-11-18,2700.0,924.0,985.0,877.0
2010-11-19,2660.0,914.0,994.0,874.0
2010-11-22,2751.0,942.0,1015.0,881.0
2010-11-24,2708.0,949.0,1002.0,869.0
2010-11-25,2725.0,956.0,1016.0,876.0
2010-11-26,2722.0,981.0,1008.0,874.0
2010-11-29,2768.0,964.0,1015.0,875.0
2010-11-30,2713.0,940.0,987.0,864.0
2010-12-01,2719.0,947.0,1003.0,881.0
2010-12-02,2788.0,956.0,1012.0,902.0
2010-12-03,2842.0,966.0,1033.0,922.0
2010-12-06,2859.0,957.0,1044.0,929.0
2010-12-07,2861.0,951.0,1058.0,941.0
2010-12-08,2897.0,984.0,1097.0,953.0
2010-12-09,2899.0,1000.0,1090.0,956.0
2010-12-10,2866.0,1009.0,1072.0,948.0
2010-12-13,2891.0,1033.0,1104.0,962.0
2010-12-14,2882.0,1055.0,1124.0,963.0
2010-12-15,2864.0,1045.0,1120.0,953.0
2010-12-16,2861.0,1040.0,1128.0,951.0
2010-12-17,2835.0,1044.0,1111.0,943.0
2010-12-20,2823.0,1043.0,1126.0,936.0
2010-12-21,2879.0,1044.0,1114.0,934.0
2010-12-22,2849.0,1018.0,1105.0,926.0
2010-12-24,2827.0,1018.0,1109.0,931.0
2010-12-27,2870.0,1023.0,1121.0,938.0
2010-12-28,2831.0,1019.0,1109.0,931.0
2010-12-29,2861.0,1019.0,1112.0,961.0
2010-12-30,2811.0,1007.0,1082.0,960.0
2011-01-04,2846.0,1023.0,1120.0,965.0
2011-01-05,2843.0,998.0,1123.0,970.0
2011-01-06,2891.0,1002.0,1139.0,996.0
2011-01-07,2834.0,1006.0,1113.0,969.0
2011-01-11,2774.0,1028.0,1102.0,954.0
2011-01-12,2756.0,1015.0,1101.0,945.0
2011-01-13,2761.0,1023.0,1119.0,946.0
2011-01-14,2693.0,1020.0,1089.0,945.0
2011-01-17,2695.0,1038.0,1067.0,945.0
2011-01-18,2726.0,1031.0,1048.0,940.0
2011-01-19,2742.0,1039.0,1060.0,943.0
2011-01-20,2715.0,1021.0,1047.0,927.0
2011-01-21,2804.0,996.0,1022.0,891.0
2011-01-24,2800.0,1005.0,1026.0,879.0
2011-01-25,2824.0,1021.0,1038.0,880.0
2011-01-26,2812.0,1023.0,1046.0,889.0
2011-01-27,2762.0,1029.0,1054.0,884.0
2011-01-28,2742.0,1021.0,1030.0,877.0
2011-01-31,2666.0,999.0,1026.0,853.0
2011-02-01,2707.0,1008.0,1041.0,857.0
2011-02-02,2889.0,1040.0,1058.0,884.0
2011-02-03,2946.0,1023.0,1023.0,873.0
2011-02-04,2960.0,1031.0,930.0,879.0
2011-02-07,2964.0,1040.0,936.0,882.0
2011-02-08,2993.0,1035.0,934.0,877.0
2011-02-09,2975.0,1037.0,944.0,878.0
2011-02-10,3005.0,1019.0,970.0,911.0
2011-02-14,3060.0,995.0,980.0,903.0
2011-02-15,3055.0,983.0,977.0,898.0
2011-02-16,3040.0,973.0,972.0,896.0
2011-02-17,3025.0,979.0,960.0,937.0
2011-02-18,3105.0,952.0,978.0,911.0
2011-02-21,3070.0,952.0,985.0,911.0
2011-02-22,2995.0,923.0,955.0,900.0
2011-02-23,2957.0,932.0,949.0,888.0
2011-02-24,2919.0,924.0,891.0,870.0
2011-02-25,2881.0,917.0,909.0,880.0
2011-02-28,2906.0,931.0,933.0,900.0
2011-03-01,2923.0,945.0,935.0,895.0
2011-03-02,2838.0,920.0,913.0,882.0
2011-03-03,2929.0,941.0,928.0,887.0
2011-03-04,2941.0,936.0,924.0,894.0
2011-03-07,2859.0,942.0,906.0,894.0
2011-03-08,2857.0,945.0,906.0,902.0
2011-03-09,2920.0,936.0,914.0,905.0
2011-03-10,2891.0,917.0,900.0,893.0
2011-03-11,2847.0,900.0,895.0,884.0
2011-03-14,2634.0,798.0,805.0,810.0
2011-03-15,2175.0,733.0,692.0,700.0
2011-03-16,2391.0,772.0,738.0,774.0
2011-03-17,2277.0,778.0,736.0,777.0
2011-03-18,2347.0,842.0,802.0,829.0
2011-03-22,2547.0,864.0,839.0,848.0
2011-03-23,2450.0,844.0,825.0,827.0
2011-03-24,2468.0,839.0,813.0,823.0
2011-03-25,2474.0,839.0,811.0,824.0
2011-03-28,2447.0,840.0,800.0,827.0
2011-03-29,2409.0,799.0,809.0,805.0
2011-03-30,2501.0,809.0,822.0,821.0
2011-03-31,2571.0,825.0,870.0,830.0
2011-04-01,2566.0,819.0,858.0,833.0
2011-04-04,2538.0,808.0,843.0,826.0
2011-04-05,2489.0,780.0,841.0,788.0
2011-04-06,2488.0,773.0,812.0,782.0
2011-04-07,2493.0,777.0,825.0,772.0
2011-04-08,2560.0,802.0,837.0,780.0
2011-04-11,2519.0,817.0,833.0,776.0
2011-04-12,2457.0,808.0,812.0,763.0
2011-04-13,2463.0,767.0,816.0,760.0
2011-04-14,2451.0,793.0,820.0,775.0
2011-04-15,2486.0,780.0,805.0,753.0
2011-04-18,2488.0,771.0,784.0,735.0
2011-04-19,2430.0,743.0,773.0,721.0
2011-04-20,2500.0,750.0,786.0,731.0
2011-04-21,2501.0,751.0,775.0,732.0
2011-04-22,2500.0,753.0,769.0,733.0
2011-04-25,2517.0,753.0,770.0,741.0
2011-04-26,2487.0,752.0,783.0,734.0
2011-04-27,2596.0,754.0,779.0,738.0
2011-04-28,2662.0,763.0,791.0,752.0
2011-05-02,2722.0,784.0,813.0,759.0
2011-05-06,2679.0,777.0,814.0,758.0
2011-05-09,2690.0,770.0,820.0,751.0
2011-05-10,2659.0,782.0,818.0,765.0
2011-05-11,2736.0,788.0,820.0,783.0
2011-05-12,2660.0,829.0,759.0,739.0
2011-05-13,2621.0,832.0,723.0,722.0
2011-05-16,2582.0,805.0,715.0,711.0
2011-05-17,2585.0,812.0,704.0,717.0
2011-05-18,2612.0,819.0,713.0,724.0
2011-05-19,2584.0,816.0,697.0,721.0
2011-05-20,2573.0,818.0,704.0,722.0
2011-05-23,2538.0,815.0,688.0,712.0
2011-05-24,2535.0,804.0,684.0,726.0
2011-05-25,2528.0,797.0,679.0,722.0
2011-05-26,2576.0,801.0,691.0,722.0
2011-05-27,2523.0,796.0,677.0,714.0
2011-05-30,2528.0,793.0,697.0,716.0
2011-05-31,2559.0,801.0,699.0,721.0
2011-06-01,2516.0,798.0,697.0,718.0
2011-06-02,2490.0,782.0,694.0,708.0
2011-06-03,2476.0,769.0,685.0,688.0
2011-06-06,2438.0,768.0,680.0,688.0
2011-06-07,2453.0,779.0,694.0,690.0
2011-06-08,2430.0,768.0,694.0,691.0
2011-06-09,2411.0,758.0,679.0,691.0
2011-06-10,2433.0,761.0,679.0,703.0
2011-06-13,2410.0,773.0,680.0,709.0
2011-06-14,2435.0,775.0,683.0,699.0
2011-06-15,2481.0,770.0,681.0,701.0
2011-06-16,2486.0,752.0,675.0,690.0
2011-06-17,2467.0,739.0,658.0,669.0
2011-06-20,2448.0,738.0,661.0,669.0
2011-06-21,2468.0,753.0,673.0,678.0
2011-06-22,2525.0,764.0,679.0,691.0
2011-06-23,2516.0,754.0,669.0,687.0
2011-06-24,2566.0,757.0,667.0,690.0
2011-06-27,2601.0,757.0,657.0,672.0
2011-06-28,2622.0,763.0,682.0,672.0
2011-06-29,2663.0,777.0,708.0,675.0
2011-06-30,2661.0,782.0,713.0,675.0
2011-07-01,2693.0,788.0,710.0,673.0
2011-07-04,2749.0,797.0,731.0,673.0
2011-07-05,2742.0,819.0,745.0,676.0
2011-07-06,2753.0,822.0,759.0,684.0
2011-07-07,2756.0,842.0,779.0,695.0
2011-07-08,2823.0,860.0,780.0,710.0
2011-07-11,2834.0,864.0,786.0,712.0
2011-07-12,2809.0,860.0,775.0,703.0
2011-07-13,2866.0,861.0,791.0,705.0
2011-07-14,2841.0,861.0,779.0,699.0
2011-07-15,2824.0,865.0,765.0,697.0
2011-07-19,2833.0,861.0,752.0,692.0
2011-07-20,2859.0,864.0,760.0,701.0
2011-07-21,2854.0,855.0,767.0,699.0
2011-07-22,2833.0,852.0,761.0,698.0
2011-07-25,2800.0,860.0,757.0,697.0
2011-07-26,2820.0,884.0,774.0,692.0
2011-07-27,2847.0,885.0,769.0,689.0
2011-07-28,2695.0,883.0,759.0,671.0
2011-07-29,2675.0,866.0,749.0,665.0
2011-08-01,2722.0,871.0,756.0,664.0
2011-08-02,2697.0,855.0,748.0,661.0
2011-08-03,2582.0,838.0,728.0,650.0
2011-08-04,2646.0,841.0,797.0,650.0
2011-08-05,2525.0,809.0,773.0,626.0
2011-08-08,2482.0,797.0,740.0,612.0
2011-08-09,2482.0,789.0,716.0,610.0
2011-08-10,2514.0,806.0,752.0,620.0
2011-08-11,2499.0,837.0,756.0,622.0
2011-08-12,2505.0,838.0,748.0,622.0
2011-08-15,2497.0,828.0,750.0,625.0
2011-08-16,2486.0,815.0,748.0,626.0
2011-08-17,2509.0,849.0,746.0,630.0
2011-08-18,2445.0,835.0,738.0,630.0
2011-08-19,2400.0,821.0,726.0,621.0
2011-08-22,2379.0,808.0,721.0,597.0
2011-08-23,2456.0,826.0,750.0,619.0
2011-08-24,2426.0,827.0,733.0,625.0
2011-08-25,2444.0,840.0,727.0,642.0
2011-08-26,2386.0,832.0,729.0,645.0
2011-08-29,2379.0,838.0,734.0,650.0
2011-08-30,2428.0,883.0,746.0,661.0
2011-08-31,2449.0,875.0,740.0,670.0
2011-09-01,2470.0,902.0,730.0,669.0
2011-09-02,2434.0,901.0,737.0,664.0
2011-09-05,2419.0,909.0,731.0,650.0
2011-09-06,2380.0,900.0,705.0,649.0
2011-09-07,2396.0,935.0,704.0,651.0
2011-09-08,2423.0,940.0,719.0,651.0
2011-09-09,2425.0,970.0,726.0,646.0
2011-09-12,2364.0,926.0,720.0,626.0
2011-09-13,2355.0,925.0,749.0,635.0
2011-09-14,2336.0,889.0,715.0,626.0
2011-09-15,2389.0,926.0,706.0,623.0
2011-09-16,2395.0,926.0,734.0,641.0
2011-09-20,2367.0,921.0,723.0,613.0
2011-09-21,2391.0,932.0,711.0,590.0
2011-09-22,2352.0,928.0,714.0,586.0
2011-09-26,2349.0,875.0,680.0,571.0
2011-09-27,2404.0,903.0,685.0,596.0
2011-09-28,2363.0,930.0,733.0,605.0
2011-09-29,2376.0,970.0,756.0,634.0
2011-09-30,2414.0,968.0,752.0,636.0
2011-10-03,2444.0,956.0,722.0,638.0
2011-10-04,2437.0,952.0,736.0,633.0
2011-10-05,2537.0,941.0,785.0,622.0
2011-10-06,2588.0,968.0,838.0,608.0
2011-10-07,2618.0,979.0,859.0,635.0
2011-10-11,2588.0,965.0,852.0,644.0
2011-10-12,2544.0,961.0,839.0,657.0
2011-10-13,2524.0,960.0,841.0,658.0
2011-10-14,2573.0,935.0,829.0,660.0
2011-10-17,2611.0,958.0,836.0,655.0
2011-10-18,2569.0,923.0,816.0,648.0
2011-10-19,2619.0,933.0,821.0,652.0
2011-10-20,2595.0,923.0,818.0,648.0
2011-10-21,2564.0,923.0,827.0,638.0
2011-10-24,2601.0,927.0,821.0,622.0
2011-10-25,2560.0,955.0,802.0,628.0
2011-10-26,2559.0,962.0,811.0,628.0
2011-10-27,2618.0,961.0,820.0,623.0
2011-10-28,2695.0,970.0,808.0,635.0
2011-10-31,2665.0,936.0,817.0,632.0
2011-11-01,2589.0,928.0,812.0,611.0
2011-11-02,2572.0,912.0,811.0,598.0
2011-11-04,2591.0,921.0,853.0,600.0
2011-11-07,2590.0,923.0,869.0,593.0
2011-11-08,2579.0,842.0,806.0,581.0
2011-11-09,2591.0,876.0,843.0,592.0
2011-11-10,2537.0,825.0,844.0,578.0
2011-11-11,2495.0,838.0,828.0,582.0
2011-11-14,2519.0,858.0,830.0,578.0
2011-11-15,2497.0,863.0,834.0,579.0
2011-11-16,2469.0,823.0,847.0,573.0
2011-11-17,2472.0,854.0,877.0,578.0
2011-11-18,2434.0,833.0,882.0,572.0
2011-11-21,2396.0,824.0,910.0,568.0
2011-11-22,2367.0,859.0,898.0,572.0
2011-11-24,2318.0,825.0,852.0,584.0
2011-11-25,2322.0,845.0,855.0,603.0
2011-11-28,2317.0,857.0,826.0,601.0
2011-11-29,2358.0,894.0,860.0,604.0
2011-11-30,2361.0,908.0,859.0,602.0
2011-12-01,2407.0,874.0,854.0,605.0
2011-12-02,2437.0,893.0,890.0,609.0
2011-12-05,2451.0,903.0,905.0,611.0
2011-12-06,2427.0,859.0,881.0,606.0
2011-12-07,2479.0,883.0,901.0,619.0
2011-12-08,2472.0,884.0,918.0,610.0
2011-12-09,2433.0,893.0,906.0,616.0
2011-12-12,2461.0,901.0,930.0,624.0
2011-12-13,2446.0,901.0,941.0,609.0
2011-12-14,2462.0,907.0,930.0,600.0
2011-12-15,2463.0,879.0,928.0,589.0
2011-12-16,2458.0,859.0,913.0,606.0
2011-12-19,2418.0,868.0,918.0,598.0
2011-12-20,2422.0,872.0,904.0,603.0
2011-12-21,2489.0,883.0,937.0,601.0
2011-12-22,2482.0,883.0,926.0,604.0
2011-12-26,2479.0,891.0,907.0,601.0
2011-12-27,2476.0,887.0,911.0,604.0
2011-12-28,2482.0,905.0,915.0,602.0
2011-12-29,2455.0,904.0,911.0,600.0
2011-12-30,2458.0,895.0,925.0,604.0
2012-01-04,2456.0,900.0,931.0,609.0
2012-01-05,2422.0,904.0,922.0,604.0
2012-01-06,2386.0,916.0,915.0,592.0
2012-01-10,2425.0,952.0,905.0,599.0
2012-01-11,2438.0,945.0,882.0,593.0
2012-01-12,2412.0,910.0,878.0,583.0
2012-01-13,2461.0,939.0,873.0,584.0
2012-01-16,2402.0,946.0,864.0,579.0
2012-01-17,2434.0,968.0,864.0,579.0
2012-01-18,2412.0,966.0,868.0,583.0
2012-01-19,2412.0,969.0,893.0,589.0
2012-01-20,2433.0,979.0,893.0,610.0
2012-01-23,2436.0,975.0,900.0,614.0
2012-01-24,2444.0,995.0,903.0,607.0
2012-01-25,2486.0,1019.0,918.0,615.0
2012-01-26,2483.0,1023.0,924.0,606.0
2012-01-27,2503.0,1022.0,917.0,612.0
2012-01-30,2463.0,983.0,920.0,609.0
2012-01-31,2498.0,993.0,936.0,664.0
2012-02-01,2587.0,999.0,950.0,648.0
2012-02-02,2565.0,987.0,966.0,651.0
2012-02-03,2547.0,961.0,933.0,644.0
2012-02-06,2564.0,980.0,914.0,649.0
2012-02-07,2544.0,992.0,944.0,670.0
2012-02-08,2534.0,993.0,932.0,679.0
2012-02-09,2539.0,995.0,937.0,675.0
2012-02-10,2541.0,1000.0,926.0,668.0
2012-02-13,2555.0,1005.0,938.0,686.0
2012-02-14,2587.0,994.0,944.0,679.0
2012-02-15,2626.0,997.0,934.0,671.0
2012-02-16,2596.0,976.0,932.0,661.0
2012-02-17,2597.0,989.0,923.0,663.0
2012-02-20,2618.0,1000.0,907.0,673.0
2012-02-21,2616.0,1021.0,915.0,680.0
2012-02-22,2658.0,1055.0,931.0,701.0
2012-02-23,2662.0,1081.0,929.0,708.0
2012-02-24,2668.0,1048.0,930.0,714.0
2012-02-27,2667.0,1059.0,937.0,696.0
2012-02-28,2706.0,1076.0,938.0,713.0
2012-02-29,2739.0,1058.0,920.0,707.0
2012-03-01,2749.0,1078.0,930.0,708.0
2012-03-02,2775.0,1092.0,944.0,724.0
2012-03-05,2759.0,1075.0,952.0,740.0
2012-03-06,2769.0,1121.0,952.0,730.0
2012-03-07,2762.0,1080.0,955.0,736.0
2012-03-08,2771.0,1068.0,956.0,745.0
2012-03-09,2840.0,1109.0,951.0,749.0
2012-03-12,2817.0,1078.0,952.0,736.0
2012-03-13,2852.0,1074.0,955.0,731.0
2012-03-14,2883.0,1059.0,957.0,741.0
2012-03-15,2892.0,1059.0,965.0,764.0
2012-03-16,2871.0,1062.0,962.0,771.0
2012-03-19,2860.0,1069.0,964.0,780.0
2012-03-21,2929.0,1065.0,963.0,769.0
2012-03-22,2910.0,1093.0,957.0,802.0
2012-03-23,2869.0,1126.0,965.0,771.0
2012-03-26,2871.0,1082.0,933.0,749.0
2012-03-27,2925.0,1128.0,946.0,773.0
2012-03-28,2901.0,1092.0,932.0,748.0
2012-03-29,2903.0,1083.0,960.0,769.0
2012-03-30,2909.0,1080.0,968.0,765.0
2012-04-02,2874.0,1097.0,947.0,744.0
2012-04-03,2839.0,1060.0,942.0,738.0
2012-04-04,2783.0,1047.0,955.0,735.0
2012-04-05,2797.0,1017.0,982.0,717.0
2012-04-06,2781.0,1048.0,992.0,706.0
2012-04-09,2737.0,1011.0,1015.0,710.0
2012-04-10,2752.0,1001.0,998.0,702.0
2012-04-11,2703.0,1027.0,992.0,702.0
2012-04-12,2698.0,1038.0,1020.0,704.0
2012-04-13,2704.0,1020.0,1042.0,709.0
2012-04-16,2672.0,1007.0,1006.0,695.0
2012-04-17,2688.0,1016.0,1046.0,696.0
2012-04-18,2712.0,1016.0,1051.0,695.0
2012-04-19,2710.0,1016.0,1079.0,686.0
2012-04-20,2728.0,1036.0,1098.0,684.0
2012-04-23,2728.0,1066.0,1065.0,676.0
2012-04-24,2687.0,1076.0,1049.0,668.0
2012-04-25,2744.0,1092.0,1045.0,675.0
2012-04-26,2784.0,1070.0,1057.0,675.0
2012-04-27,2783.0,1091.0,1028.0,661.0
2012-05-01,2784.0,1071.0,1036.0,653.0
2012-05-02,2760.0,1096.0,1048.0,646.0
2012-05-07,2738.0,1074.0,1022.0,638.0
2012-05-08,2748.0,1097.0,1039.0,648.0
2012-05-09,2424.0,1047.0,1004.0,646.0
2012-05-10,2445.0,1051.0,1014.0,658.0
2012-05-11,2403.0,1045.0,1030.0,654.0
2012-05-14,2432.0,1011.0,1017.0,642.0
2012-05-15,2391.0,996.0,1002.0,641.0
2012-05-16,2409.0,1025.0,999.0,644.0
2012-05-17,2390.0,1005.0,996.0,666.0
2012-05-18,2348.0,947.0,952.0,641.0
2012-05-21,2345.0,1022.0,951.0,650.0
2012-05-22,2336.0,1000.0,948.0,650.0
2012-05-23,2287.0,986.0,923.0,636.0
2012-05-24,2301.0,982.0,925.0,666.0
2012-05-25,2278.0,994.0,924.0,656.0
2012-05-28,2263.0,992.0,908.0,639.0
2012-05-29,2259.0,972.0,904.0,645.0
2012-05-30,2268.0,959.0,890.0,647.0
2012-05-31,2253.0,981.0,874.0,673.0
2012-06-01,2198.0,960.0,864.0,640.0
2012-06-04,2182.0,952.0,852.0,625.0
2012-06-05,2211.0,963.0,868.0,645.0
2012-06-06,2234.0,963.0,903.0,652.0
2012-06-07,2290.0,969.0,903.0,644.0
2012-06-08,2216.0,968.0,875.0,634.0
2012-06-11,2270.0,968.0,890.0,642.0
2012-06-12,2237.0,957.0,882.0,645.0
2012-06-13,2254.0,933.0,882.0,650.0
2012-06-14,2214.0,937.0,884.0,648.0
2012-06-15,2226.0,926.0,883.0,651.0
2012-06-18,2273.0,940.0,895.0,663.0
2012-06-19,2261.0,950.0,916.0,651.0
2012-06-20,2299.0,965.0,937.0,656.0
2012-06-21,2293.0,975.0,934.0,655.0
2012-06-22,2290.0,975.0,923.0,649.0
2012-06-25,2292.0,973.0,919.0,646.0
2012-06-26,2244.0,974.0,884.0,648.0
2012-06-27,2302.0,973.0,921.0,653.0
2012-06-28,2409.0,993.0,934.0,660.0
2012-06-29,2433.0,1004.0,948.0,651.0
2012-07-02,2415.0,1010.0,945.0,667.0
2012-07-03,2437.0,1025.0,963.0,686.0
2012-07-04,2432.0,1030.0,934.0,710.0
2012-07-05,2435.0,1026.0,931.0,705.0
2012-07-06,2393.0,1030.0,923.0,697.0
2012-07-09,2377.0,1032.0,920.0,689.0
2012-07-10,2405.0,1011.0,893.0,690.0
2012-07-11,2425.0,1002.0,901.0,689.0
2012-07-12,2390.0,1000.0,903.0,687.0
2012-07-13,2400.0,1006.0,892.0,688.0
2012-07-17,2418.0,997.0,860.0,691.0
2012-07-18,2421.0,1002.0,857.0,697.0
2012-07-19,2442.0,1024.0,855.0,692.0
2012-07-20,2426.0,1014.0,842.0,671.0
2012-07-23,2391.0,989.0,818.0,656.0
2012-07-24,2404.0,978.0,818.0,657.0
2012-07-25,2381.0,1007.0,818.0,659.0
2012-07-26,2394.0,1015.0,827.0,670.0
2012-07-27,2454.0,1023.0,841.0,668.0
2012-07-30,2433.0,1022.0,842.0,682.0
2012-07-31,2380.0,1011.0,813.0,689.0
2012-08-01,2414.0,1029.0,963.0,689.0
2012-08-02,2384.0,1036.0,962.0,711.0
2012-08-03,2365.0,1077.0,960.0,712.0
2012-08-06,2405.0,1054.0,971.0,723.0
2012-08-07,2416.0,1041.0,953.0,723.0
2012-08-08,2450.0,1080.0,961.0,713.0
2012-08-09,2449.0,1080.0,966.0,708.0
2012-08-10,2427.0,1065.0,955.0,702.0
2012-08-13,2410.0,1008.0,948.0,702.0
2012-08-14,2379.0,1074.0,968.0,715.0
2012-08-15,2375.0,1071.0,962.0,706.0
2012-08-16,2395.0,1056.0,956.0,709.0
2012-08-17,2420.0,1066.0,968.0,727.0
2012-08-20,2421.0,1066.0,972.0,731.0
2012-08-21,2438.0,1084.0,980.0,736.0
2012-08-22,2393.0,1070.0,976.0,727.0
2012-08-23,2395.0,1043.0,972.0,722.0
2012-08-24,2375.0,1062.0,962.0,721.0
2012-08-27,2375.0,1044.0,969.0,710.0
2012-08-28,2368.0,1041.0,989.0,721.0
2012-08-29,2388.0,1019.0,1018.0,720.0
2012-08-30,2380.0,1063.0,1013.0,710.0
2012-08-31,2334.0,1041.0,989.0,720.0
2012-09-03,2313.0,1034.0,986.0,712.0
2012-09-04,2305.0,1033.0,982.0,698.0
2012-09-05,2315.0,1028.0,986.0,712.0
2012-09-06,2315.0,1041.0,971.0,707.0
2012-09-07,2332.0,1060.0,983.0,724.0
2012-09-10,2331.0,1058.0,971.0,721.0
2012-09-11,2323.0,1060.0,953.0,733.0
2012-09-12,2386.0,1071.0,968.0,730.0
2012-09-13,2394.0,1061.0,999.0,737.0
2012-09-14,2421.0,1061.0,1010.0,740.0
2012-09-18,2423.0,1073.0,1009.0,724.0
2012-09-19,2455.0,1082.0,1013.0,740.0
2012-09-20,2438.0,1052.0,992.0,723.0
2012-09-21,2471.0,1068.0,1009.0,733.0
2012-09-24,2465.0,1058.0,1032.0,760.0
2012-09-25,2477.0,1084.0,1015.0,772.0
2012-09-26,2448.0,1078.0,1010.0,767.0
2012-09-27,2468.0,1074.0,1031.0,760.0
2012-09-28,2449.0,1065.0,1014.0,762.0
2012-10-01,2446.0,1086.0,960.0,756.0
2012-10-02,2486.0,1070.0,993.0,759.0
2012-10-03,2487.0,1070.0,1013.0,752.0
2012-10-04,2517.0,1114.0,1048.0,751.0
2012-10-05,2539.0,1139.0,1069.0,766.0
2012-10-09,2511.0,1125.0,1035.0,762.0
2012-10-10,2472.0,1050.0,1003.0,756.0
2012-10-11,2462.0,1062.0,999.0,736.0
2012-10-12,2480.0,1063.0,984.0,729.0
2012-10-15,2488.0,1054.0,983.0,750.0
2012-10-16,2488.0,1068.0,968.0,749.0
2012-10-17,2514.0,1100.0,1007.0,759.0
2012-10-18,2582.0,1088.0,1004.0,758.0
2012-10-19,2588.0,1104.0,1008.0,759.0
2012-10-22,2634.0,1100.0,1019.0,767.0
2012-10-23,2628.0,1093.0,1001.0,754.0
2012-10-24,2596.0,1072.0,995.0,767.0
2012-10-25,2643.0,1112.0,999.0,779.0
2012-10-26,2626.0,1107.0,988.0,774.0
2012-10-29,2648.0,1089.0,977.0,775.0
2012-10-30,2626.0,1128.0,968.0,783.0
2012-10-31,2599.0,1101.0,994.0,764.0
2012-11-01,2404.0,1119.0,1035.0,769.0
2012-11-02,2409.0,1118.0,1049.0,779.0
2012-11-05,2394.0,1116.0,1036.0,793.0
2012-11-06,2379.0,1078.0,1022.0,769.0
2012-11-07,2368.0,1062.0,1014.0,781.0
2012-11-08,2335.0,1070.0,1014.0,773.0
2012-11-09,2306.0,1095.0,1012.0,758.0
2012-11-12,2298.0,1050.0,994.0,760.0
2012-11-13,2294.0,1016.0,1005.0,748.0
2012-11-14,2318.0,1021.0,1017.0,747.0
2012-11-15,2335.0,1050.0,1017.0,756.0
2012-11-16,2385.0,1050.0,996.0,753.0
2012-11-19,2371.0,1016.0,992.0,754.0
2012-11-20,2370.0,1051.0,1003.0,769.0
2012-11-21,2404.0,1069.0,1014.0,785.0
2012-11-22,2406.0,1080.0,1002.0,783.0
2012-11-26,2398.0,1081.0,998.0,752.0
2012-11-27,2411.0,1094.0,1014.0,764.0
2012-11-28,2398.0,1082.0,998.0,750.0
2012-11-29,2393.0,1102.0,1015.0,757.0
2012-11-30,2388.0,1072.0,1009.0,743.0
2012-12-03,2398.0,1076.0,1003.0,746.0
2012-12-04,2386.0,1095.0,1034.0,751.0
2012-12-05,2413.0,1098.0,1000.0,750.0
2012-12-06,2452.0,1093.0,1010.0,761.0
2012-12-07,2435.0,1077.0,1001.0,754.0
2012-12-10,2418.0,1058.0,992.0,752.0
2012-12-11,2428.0,1050.0,994.0,749.0
2012-12-12,2433.0,1075.0,988.0,756.0
2012-12-13,2481.0,1081.0,1001.0,749.0
2012-12-14,2494.0,1059.0,980.0,745.0
2012-12-17,2520.0,1071.0,986.0,746.0
2012-12-18,2542.0,1085.0,981.0,742.0
2012-12-19,2602.0,1098.0,1000.0,750.0
2012-12-20,2577.0,1092.0,1028.0,748.0
2012-12-21,2550.0,1074.0,1026.0,753.0
2012-12-25,2595.0,1067.0,1018.0,754.0
2012-12-26,2660.0,1075.0,1041.0,750.0
2012-12-27,2678.0,1064.0,1032.0,757.0
2012-12-28,2687.0,1056.0,1041.0,754.0
2013-01-04,2730.0,1098.0,1051.0,768.0
2013-01-07,2661.0,1081.0,1054.0,781.0
2013-01-08,2635.0,1080.0,1050.0,783.0
2013-01-09,2684.0,1094.0,1137.0,784.0
2013-01-10,2699.0,1098.0,1140.0,782.0
2013-01-11,2718.0,1083.0,1188.0,798.0
2013-01-15,2745.0,1099.0,1221.0,820.0
2013-01-16,2721.0,1098.0,1176.0,827.0
2013-01-17,2644.0,1098.0,1209.0,829.0
2013-01-18,2729.0,1096.0,1228.0,841.0
2013-01-21,2690.0,1111.0,1228.0,865.0
2013-01-22,2669.0,1120.0,1234.0,857.0
2013-01-23,2588.0,1121.0,1267.0,854.0
2013-01-24,2619.0,1146.0,1261.0,868.0
2013-01-25,2711.0,1166.0,1269.0,863.0
2013-01-28,2705.0,1156.0,1287.0,850.0
2013-01-29,2727.0,1146.0,1267.0,845.0
2013-01-30,2792.0,1143.0,1266.0,852.0
2013-01-31,2793.0,1155.0,1293.0,847.0
2013-02-01,2851.0,1173.0,1305.0,872.0
2013-02-04,2702.0,1151.0,1315.0,929.0
2013-02-05,2632.0,1175.0,1110.0,898.0
2013-02-06,2705.0,1169.0,1093.0,937.0
2013-02-07,2670.0,1195.0,1084.0,920.0
2013-02-08,2626.0,1295.0,1097.0,924.0
2013-02-12,2713.0,1321.0,1098.0,930.0
2013-02-13,2678.0,1328.0,1110.0,901.0
2013-02-14,2702.0,1312.0,1106.0,916.0
2013-02-15,2677.0,1279.0,1065.0,930.0
2013-02-18,2725.0,1300.0,1108.0,947.0
2013-02-19,2729.0,1302.0,1132.0,957.0
2013-02-20,2737.0,1317.0,1124.0,972.0
2013-02-21,2739.0,1338.0,1137.0,979.0
2013-02-22,2784.0,1333.0,1148.0,971.0
2013-02-25,2849.0,1341.0,1195.0,985.0
2013-02-26,2781.0,1326.0,1221.0,979.0
2013-02-27,2876.0,1380.0,1218.0,999.0
2013-02-28,2943.0,1422.0,1277.0,1000.0
2013-03-01,2960.0,1414.0,1275.0,998.0
2013-03-04,2988.0,1404.0,1285.0,1017.0
2013-03-05,2959.0,1352.0,1288.0,1044.0
2013-03-06,2988.0,1369.0,1263.0,1029.0
2013-03-07,3005.0,1333.0,1260.0,1007.0
2013-03-08,2987.0,1368.0,1265.0,1023.0
2013-03-11,2962.0,1393.0,1246.0,1032.0
2013-03-12,2994.0,1376.0,1204.0,987.0
2013-03-13,2959.0,1389.0,1188.0,1024.0
2013-03-14,2994.0,1403.0,1214.0,1022.0
2013-03-15,3050.0,1438.0,1197.0,1036.0
2013-03-18,2986.0,1434.0,1143.0,1064.0
2013-03-19,3065.0,1475.0,1171.0,1059.0
2013-03-21,3160.0,1497.0,1204.0,1073.0
2013-03-22,3105.0,1529.0,1195.0,1053.0
2013-03-25,3185.0,1537.0,1205.0,1075.0
2013-03-26,3120.0,1591.0,1200.0,1089.0
2013-03-27,3085.0,1558.0,1216.0,1080.0
2013-03-28,3095.0,1545.0,1226.0,1064.0
2013-03-29,3135.0,1540.0,1243.0,1064.0
2013-04-01,3125.0,1481.0,1189.0,983.0
2013-04-02,3010.0,1458.0,1228.0,945.0
2013-04-03,3040.0,1475.0,1235.0,987.0
2013-04-04,3085.0,1499.0,1295.0,1060.0
2013-04-05,3025.0,1505.0,1241.0,1109.0
2013-04-08,3060.0,1529.0,1297.0,1103.0
2013-04-09,3080.0,1491.0,1293.0,1064.0
2013-04-10,3065.0,1476.0,1314.0,1074.0
2013-04-11,3080.0,1456.0,1323.0,1061.0
2013-04-12,3065.0,1489.0,1354.0,1043.0
2013-04-15,3010.0,1461.0,1329.0,1061.0
2013-04-16,3045.0,1503.0,1351.0,1052.0
2013-04-17,3090.0,1514.0,1406.0,1087.0
2013-04-18,3005.0,1506.0,1400.0,1058.0
2013-04-19,3000.0,1524.0,1411.0,1052.0
2013-04-22,3030.0,1560.0,1414.0,1070.0
2013-04-23,3035.0,1530.0,1424.0,1071.0
2013-04-24,3075.0,1581.0,1467.0,1080.0
2013-04-25,3105.0,1625.0,1479.0,1084.0
2013-04-26,3085.0,1581.0,1429.0,1065.0
2013-04-30,3080.0,1633.0,1464.0,1107.0
2013-05-01,3065.0,1645.0,1453.0,1066.0
2013-05-02,3060.0,1632.0,1428.0,1080.0
2013-05-07,3105.0,1689.0,1483.0,1179.0
2013-05-08,3130.0,1658.0,1458.0,1116.0
2013-05-09,3440.0,1680.0,1460.0,1238.0
2013-05-10,3835.0,1603.0,1521.0,1218.0
2013-05-13,3875.0,1617.0,1503.0,1186.0
2013-05-14,3815.0,1630.0,1571.0,1176.0
2013-05-15,3820.0,1553.0,1543.0,1145.0
2013-05-16,3710.0,1560.0,1516.0,1132.0
2013-05-17,3840.0,1571.0,1548.0,1158.0
2013-05-20,3875.0,1640.0,1523.0,1139.0
2013-05-21,3850.0,1634.0,1533.0,1127.0
2013-05-22,3835.0,1631.0,1515.0,1090.0
2013-05-23,3545.0,1537.0,1453.0,1015.0
2013-05-24,3640.0,1517.0,1490.0,1050.0
2013-05-27,3555.0,1530.0,1450.0,1028.0
2013-05-28,3515.0,1499.0,1443.0,1034.0
2013-05-29,3510.0,1504.0,1458.0,1040.0
2013-05-30,3310.0,1441.0,1390.0,1008.0
2013-05-31,3455.0,1449.0,1413.0,1053.0
2013-06-03,3320.0,1435.0,1466.0,1052.0
2013-06-04,3435.0,1452.0,1469.0,1018.0
2013-06-05,3285.0,1403.0,1450.0,998.0
2013-06-06,3310.0,1345.0,1357.0,947.0
2013-06-07,3330.0,1306.0,1328.0,941.0
2013-06-10,3450.0,1374.0,1405.0,994.0
2013-06-11,3335.0,1378.0,1368.0,985.0
2013-06-12,3380.0,1346.0,1362.0,995.0
2013-06-13,3115.0,1302.0,1310.0,951.0
2013-06-14,3195.0,1301.0,1318.0,956.0
2013-06-17,3330.0,1349.0,1369.0,1018.0
2013-06-18,3305.0,1371.0,1365.0,1033.0
2013-06-19,3355.0,1398.0,1383.0,1042.0
2013-06-20,3340.0,1355.0,1332.0,1005.0
2013-06-21,3435.0,1319.0,1364.0,1018.0
2013-06-24,3405.0,1344.0,1321.0,1020.0
2013-06-25,3350.0,1359.0,1311.0,1001.0
2013-06-26,3345.0,1325.0,1309.0,971.0
2013-06-27,3395.0,1429.0,1330.0,985.0
2013-06-28,3520.0,1443.0,1318.0,1022.0
2013-07-01,3550.0,1442.0,1358.0,1108.0
2013-07-02,3550.0,1441.0,1336.0,1101.0
2013-07-03,3525.0,1430.0,1215.0,1113.0
2013-07-04,3545.0,1431.0,1159.0,1110.0
2013-07-05,3690.0,1444.0,1155.0,1111.0
2013-07-08,3590.0,1441.0,1178.0,1089.0
2013-07-09,3700.0,1468.0,1158.0,1113.0
2013-07-10,3675.0,1455.0,1174.0,1095.0
2013-07-11,3710.0,1471.0,1188.0,1092.0
2013-07-12,3745.0,1483.0,1189.0,1091.0
2013-07-16,3820.0,1470.0,1180.0,1085.0
2013-07-17,3810.0,1468.0,1221.0,1086.0
2013-07-18,3910.0,1474.0,1260.0,1093.0
2013-07-19,3805.0,1512.0,1237.0,1087.0
2013-07-22,3865.0,1504.0,1240.0,1111.0
2013-07-23,3900.0,1504.0,1257.0,1110.0
2013-07-24,3830.0,1493.0,1258.0,1133.0
2013-07-25,3860.0,1474.0,1237.0,1120.0
2013-07-26,3710.0,1472.0,1250.0,1090.0
2013-07-29,3555.0,1379.0,1193.0,1046.0
2013-07-30,3635.0,1357.0,1211.0,1084.0
2013-07-31,3520.0,1375.0,1141.0,1080.0
2013-08-01,3300.0,1403.0,1139.0,1006.0
2013-08-02,3505.0,1446.0,1187.0,1063.0
2013-08-05,3435.0,1434.0,1163.0,1076.0
2013-08-06,3500.0,1447.0,1200.0,1109.0
2013-08-07,3355.0,1416.0,1197.0,1097.0
2013-08-08,3375.0,1394.0,1212.0,1081.0
2013-08-09,3390.0,1378.0,1229.0,1098.0
2013-08-12,3360.0,1352.0,1224.0,1115.0
2013-08-13,3480.0,1391.0,1232.0,1149.0
2013-08-14,3565.0,1396.0,1285.0,1157.0
2013-08-15,3470.0,1369.0,1275.0,1145.0
2013-08-16,3455.0,1347.0,1276.0,1135.0
2013-08-19,3505.0,1363.0,1291.0,1135.0
2013-08-20,3405.0,1373.0,1294.0,1138.0
2013-08-21,3425.0,1384.0,1242.0,1121.0
2013-08-22,3410.0,1410.0,1255.0,1119.0
2013-08-23,3500.0,1443.0,1251.0,1135.0
2013-08-26,3485.0,1441.0,1229.0,1135.0
2013-08-27,3445.0,1417.0,1244.0,1126.0
2013-08-28,3445.0,1399.0,1195.0,1108.0
2013-08-29,3500.0,1404.0,1201.0,1101.0
2013-08-30,3520.0,1377.0,1174.0,1083.0
2013-09-02,3500.0,1401.0,1214.0,1086.0
2013-09-03,3600.0,1428.0,1224.0,1104.0
2013-09-04,3615.0,1406.0,1207.0,1107.0
2013-09-05,3570.0,1390.0,1178.0,1104.0
2013-09-06,3415.0,1386.0,1177.0,1100.0
2013-09-09,3550.0,1410.0,1201.0,1118.0
2013-09-10,3580.0,1429.0,1208.0,1125.0
2013-09-11,3565.0,1444.0,1194.0,1126.0
2013-09-12,3550.0,1437.0,1204.0,1118.0
2013-09-13,3530.0,1419.0,1202.0,1108.0
2013-09-17,3545.0,1454.0,1194.0,1097.0
2013-09-18,3555.0,1492.0,1196.0,1110.0
2013-09-19,3640.0,1540.0,1222.0,1135.0
2013-09-20,3640.0,1530.0,1222.0,1129.0
2013-09-24,3660.0,1514.0,1208.0,1121.0
2013-09-25,3375.0,1517.0,1194.0,1097.0
2013-09-26,3365.0,1596.0,1218.0,1120.0
2013-09-27,3400.0,1565.0,1234.0,1103.0
2013-09-30,3305.0,1554.0,1239.0,1103.0
2013-10-01,3320.0,1579.0,1228.0,1095.0
2013-10-02,3195.0,1590.0,1242.0,1086.0
2013-10-03,3180.0,1563.0,1282.0,1089.0
2013-10-04,3190.0,1535.0,1266.0,1092.0
2013-10-07,3125.0,1544.0,1239.0,1083.0
2013-10-08,3135.0,1536.0,1190.0,1104.0
2013-10-09,3170.0,1556.0,1199.0,1116.0
2013-10-10,3205.0,1590.0,1198.0,1132.0
2013-10-11,3285.0,1623.0,1220.0,1128.0
2013-10-15,3275.0,1647.0,1224.0,1132.0
2013-10-16,3235.0,1623.0,1219.0,1144.0
2013-10-17,3270.0,1648.0,1276.0,1146.0
2013-10-18,3195.0,1649.0,1282.0,1145.0
2013-10-21,3245.0,1657.0,1287.0,1150.0
2013-10-22,3280.0,1661.0,1350.0,1153.0
2013-10-23,3200.0,1651.0,1336.0,1193.0
2013-10-24,3210.0,1669.0,1351.0,1190.0
2013-10-25,3175.0,1615.0,1329.0,1195.0
2013-10-28,3275.0,1627.0,1357.0,1200.0
2013-10-29,3265.0,1686.0,1380.0,1228.0
2013-10-30,3275.0,1688.0,1339.0,1193.0
2013-10-31,3250.0,1681.0,1411.0,1201.0
2013-11-01,3095.0,1631.0,1373.0,1188.0
2013-11-05,3195.0,1614.0,1361.0,1171.0
2013-11-06,3245.0,1665.0,1370.0,1172.0
2013-11-07,3285.0,1707.0,1375.0,1172.0
2013-11-08,3245.0,1750.0,1373.0,1188.0
2013-11-11,3305.0,1738.0,1386.0,1180.0
2013-11-12,3410.0,1751.0,1410.0,1190.0
2013-11-13,3405.0,1735.0,1420.0,1187.0
2013-11-14,3545.0,1808.0,1451.0,1210.0
2013-11-15,3600.0,1767.0,1472.0,1238.0
2013-11-18,3645.0,1779.0,1491.0,1221.0
2013-11-19,3645.0,1735.0,1493.0,1211.0
2013-11-20,3660.0,1753.0,1530.0,1208.0
2013-11-21,3740.0,1806.0,1556.0,1214.0
2013-11-22,3755.0,1818.0,1583.0,1218.0
2013-11-25,3810.0,1824.0,1566.0,1221.0
2013-11-26,3665.0,1845.0,1526.0,1222.0
2013-11-27,3635.0,1884.0,1499.0,1214.0
2013-11-28,3745.0,1870.0,1504.0,1210.0
2013-11-29,3685.0,1871.0,1552.0,1213.0
2013-12-02,3655.0,1871.0,1546.0,1267.0
2013-12-03,3670.0,1888.0,1569.0,1244.0
2013-12-04,3585.0,1856.0,1564.0,1214.0
2013-12-05,3495.0,1822.0,1541.0,1207.0
2013-12-06,3510.0,1800.0,1539.0,1207.0
2013-12-09,3630.0,1839.0,1606.0,1225.0
2013-12-10,3615.0,1845.0,1590.0,1219.0
2013-12-11,3580.0,1819.0,1571.0,1212.0
2013-12-12,3545.0,1826.0,1577.0,1194.0
2013-12-13,3580.0,1778.0,1540.0,1198.0
2013-12-16,3515.0,1761.0,1539.0,1185.0
2013-12-17,3540.0,1794.0,1568.0,1195.0
2013-12-18,3640.0,1785.0,1582.0,1211.0
2013-12-19,3700.0,1727.0,1589.0,1223.0
2013-12-20,3765.0,1757.0,1586.0,1217.0
2013-12-24,3750.0,1734.0,1612.0,1212.0
2013-12-25,3785.0,1772.0,1596.0,1212.0
2013-12-26,3845.0,1803.0,1623.0,1216.0
2013-12-27,3845.0,1823.0,1640.0,1218.0
2013-12-30,3880.0,1844.0,1659.0,1246.0
2014-01-06,3750.0,1891.0,1676.0,1290.0
2014-01-07,3760.0,1919.0,1652.0,1302.0
2014-01-08,3820.0,1952.0,1675.0,1354.0
2014-01-09,3765.0,1915.0,1543.0,1351.0
2014-01-10,3725.0,1937.0,1569.0,1346.0
2014-01-14,3555.0,1901.0,1572.0,1338.0
2014-01-15,3665.0,1933.0,1621.0,1353.0
2014-01-16,3620.0,1957.0,1603.0,1364.0
2014-01-17,3670.0,2038.0,1650.0,1395.0
2014-01-20,3625.0,2018.0,1666.0,1377.0
2014-01-21,3740.0,2014.0,1671.0,1390.0
2014-01-22,3765.0,2020.0,1677.0,1402.0
2014-01-23,3760.0,1990.0,1687.0,1372.0
2014-01-24,3660.0,1972.0,1681.0,1342.0
2014-01-27,3565.0,1899.0,1656.0,1324.0
2014-01-28,3595.0,1881.0,1651.0,1294.0
2014-01-29,3740.0,1903.0,1698.0,1355.0
2014-01-30,3620.0,1867.0,1652.0,1356.0
2014-01-31,3670.0,1939.0,1705.0,1410.0
2014-02-03,3635.0,1909.0,1683.0,1350.0
2014-02-04,3445.0,1822.0,1657.0,1291.0
2014-02-05,3775.0,1863.0,1694.0,1305.0
2014-02-06,3920.0,1869.0,1668.0,1313.0
2014-02-07,3905.0,1867.0,1656.0,1314.0
2014-02-10,3955.0,1920.0,1714.0,1339.0
2014-02-12,3955.0,1948.0,1753.0,1369.0
2014-02-13,3890.0,1888.0,1712.0,1337.0
2014-02-14,3800.0,1849.0,1690.0,1317.0
2014-02-17,3795.0,1878.0,1664.0,1316.0
2014-02-18,3940.0,1880.0,1683.0,1321.0
2014-02-19,4010.0,1878.0,1715.0,1297.0
2014-02-20,3955.0,1833.0,1713.0,1293.0
2014-02-21,4090.0,1895.0,1770.0,1323.0
2014-02-24,4050.0,1883.0,1763.0,1316.0
2014-02-25,4060.0,1968.0,1776.0,1361.0
2014-02-26,4190.0,1964.0,1801.0,1333.0
2014-02-27,4260.0,2004.0,1769.0,1307.0
2014-02-28,4205.0,1990.0,1751.0,1311.0
2014-03-03,4105.0,1952.0,1706.0,1298.0
2014-03-04,4135.0,2002.0,1726.0,1323.0
2014-03-05,4160.0,1968.0,1778.0,1332.0
2014-03-06,4185.0,1943.0,1776.0,1340.0
2014-03-07,4205.0,1976.0,1852.0,1361.0
2014-03-10,4135.0,1989.0,1821.0,1351.0
2014-03-11,4150.0,1993.0,1848.0,1354.0
2014-03-12,4025.0,1944.0,1816.0,1313.0
2014-03-13,4110.0,1946.0,1785.0,1328.0
2014-03-14,3910.0,1885.0,1724.0,1299.0
2014-03-17,3905.0,1861.0,1724.0,1250.0
2014-03-18,4010.0,1884.0,1781.0,1296.0
2014-03-19,4005.0,1879.0,1770.0,1284.0
2014-03-20,3855.0,1884.0,1722.0,1253.0
2014-03-24,3890.0,1837.0,1700.0,1274.0
2014-03-25,3860.0,1833.0,1685.0,1264.0
2014-03-26,3825.0,1822.0,1684.0,1285.0
2014-03-27,3955.0,1816.0,1652.0,1262.0
2014-03-28,3960.0,1808.0,1686.0,1256.0
2014-03-31,4015.0,1806.0,1694.0,1293.0
2014-04-01,3970.0,1799.0,1679.0,1291.0
2014-04-02,4055.0,1840.0,1683.0,1271.0
2014-04-03,4090.0,1840.0,1690.0,1279.0
2014-04-04,3995.0,1782.0,1680.0,1273.0
2014-04-07,3860.0,1744.0,1674.0,1244.0
2014-04-08,3855.0,1715.0,1690.0,1212.0
2014-04-09,3800.0,1731.0,1668.0,1205.0
2014-04-10,3765.0,1715.0,1619.0,1197.0
2014-04-11,3675.0,1677.0,1582.0,1190.0
2014-04-14,3730.0,1673.0,1564.0,1247.0
2014-04-15,3785.0,1707.0,1553.0,1207.0
2014-04-16,3850.0,1725.0,1566.0,1231.0
2014-04-17,3875.0,1733.0,1564.0,1238.0
2014-04-18,3865.0,1723.0,1589.0,1212.0
2014-04-21,3870.0,1693.0,1579.0,1208.0
2014-04-22,3845.0,1679.0,1565.0,1202.0
2014-04-23,3895.0,1661.0,1573.0,1219.0
2014-04-24,3855.0,1697.0,1572.0,1220.0
2014-04-25,3910.0,1700.0,1587.0,1240.0
2014-04-28,3920.0,1679.0,1576.0,1247.0
2014-04-30,3955.0,1691.0,1582.0,1263.0
2014-05-01,4010.0,1729.0,1628.0,1280.0
2014-05-02,3980.0,1723.0,1598.0,1277.0
2014-05-07,3900.0,1657.0,1553.0,1219.0
2014-05-08,3965.0,1685.0,1558.0,1231.0
2014-05-09,3790.0,1713.0,1549.0,1231.0
2014-05-12,3825.0,1683.0,1558.0,1263.0
2014-05-13,3900.0,1698.0,1569.0,1283.0
2014-05-14,3890.0,1682.0,1576.0,1274.0
2014-05-15,3840.0,1656.0,1570.0,1252.0
2014-05-16,3750.0,1609.0,1551.0,1242.0
2014-05-19,3690.0,1586.0,1570.0,1246.0
2014-05-20,3645.0,1632.0,1563.0,1249.0
2014-05-21,3690.0,1677.0,1571.0,1251.0
2014-05-22,3720.0,1703.0,1606.0,1254.0
2014-05-23,3705.0,1713.0,1613.0,1264.0
2014-05-26,3755.0,1758.0,1680.0,1305.0
2014-05-27,3805.0,1768.0,1700.0,1300.0
2014-05-28,3775.0,1761.0,1715.0,1305.0
2014-05-29,3740.0,1764.0,1708.0,1302.0
2014-05-30,3700.0,1755.0,1725.0,1308.0
2014-06-02,3790.0,1772.0,1755.0,1316.0
2014-06-03,3860.0,1790.0,1789.0,1336.0
2014-06-04,3825.0,1804.0,1755.0,1341.0
2014-06-05,3810.0,1787.0,1785.0,1347.0
2014-06-06,3825.0,1781.0,1793.0,1352.0
2014-06-09,3865.0,1753.0,1777.0,1358.0
2014-06-10,3780.0,1760.0,1770.0,1382.0
2014-06-11,3840.0,1768.0,1746.0,1391.0
2014-06-12,3805.0,1763.0,1755.0,1394.0
2014-06-13,3890.0,1760.0,1760.0,1371.0
2014-06-16,3880.0,1749.0,1745.0,1392.0
2014-06-17,3930.0,1746.0,1725.0,1402.0
2014-06-18,3935.0,1760.0,1733.0,1381.0
2014-06-19,4035.0,1730.0,1765.0,1367.0
2014-06-20,3955.0,1738.0,1739.0,1322.0
2014-06-23,4040.0,1750.0,1752.0,1350.0
2014-06-24,3985.0,1760.0,1753.0,1369.0
2014-06-25,3950.0,1763.0,1749.0,1374.0
2014-06-26,3985.0,1808.0,1790.0,1385.0
2014-06-27,3900.0,1866.0,1746.0,1335.0
2014-06-30,3890.0,1882.0,1740.0,1333.0
2014-07-01,3900.0,1896.0,1798.0,1352.0
2014-07-02,3930.0,1889.0,1874.0,1381.0
2014-07-03,3925.0,1874.0,1880.0,1392.0
2014-07-04,3925.0,1888.0,1913.0,1405.0
2014-07-07,3925.0,1882.0,1904.0,1380.0
2014-07-08,3855.0,1872.0,1873.0,1371.0
2014-07-09,3860.0,1880.0,1883.0,1365.0
2014-07-10,3805.0,1863.0,1885.0,1365.0
2014-07-11,3765.0,1866.0,1901.0,1365.0
2014-07-14,3830.0,1903.0,1939.0,1357.0
2014-07-15,3865.0,1921.0,1947.0,1378.0
2014-07-16,3855.0,1913.0,1923.0,1386.0
2014-07-17,3870.0,1941.0,1943.0,1386.0
2014-07-18,3785.0,1934.0,1933.0,1374.0
2014-07-22,3840.0,1931.0,1932.0,1387.0
2014-07-23,3795.0,1924.0,1955.0,1395.0
2014-07-24,3785.0,1938.0,1933.0,1397.0
2014-07-25,3850.0,1953.0,1978.0,1412.0
2014-07-28,3840.0,2009.0,1956.0,1428.0
2014-07-29,3940.0,2011.0,2012.0,1443.0
2014-07-30,3940.0,2049.0,2034.0,1470.0
2014-07-31,3950.0,2045.0,1902.0,1424.0
2014-08-01,3850.0,2012.0,1904.0,1448.0
2014-08-04,3790.0,2019.0,1937.0,1433.0
2014-08-05,3785.0,2028.0,1946.0,1435.0
2014-08-06,3755.0,2088.0,1915.0,1439.0
2014-08-07,3775.0,2286.0,1965.0,1470.0
2014-08-08,3655.0,2216.0,1963.0,1474.0
2014-08-11,3745.0,2172.0,2003.0,1510.0
2014-08-12,3705.0,2242.0,1990.0,1539.0
2014-08-13,3700.0,2304.0,1968.0,1598.0
2014-08-14,3735.0,2324.0,1981.0,1561.0
2014-08-15,3735.0,2284.0,1962.0,1587.0
2014-08-18,3685.0,2295.0,1984.0,1589.0
2014-08-19,3735.0,2342.0,1999.0,1594.0
2014-08-20,3730.0,2277.0,1964.0,1579.0
2014-08-21,3765.0,2284.0,1939.0,1589.0
2014-08-22,3740.0,2281.0,1917.0,1589.0
2014-08-25,3750.0,2283.0,1923.0,1610.0
2014-08-26,3715.0,2286.0,1945.0,1656.0
2014-08-27,3710.0,2274.0,1924.0,1656.0
2014-08-28,3680.0,2274.0,1913.0,1632.0
2014-08-29,3730.0,2265.0,1918.0,1627.0
2014-09-01,3725.0,2273.0,1910.0,1618.0
2014-09-02,3755.0,2289.0,1903.0,1663.0
2014-09-03,3725.0,2294.0,1902.0,1689.0
2014-09-04,3720.0,2264.0,1851.0,1651.0
2014-09-05,3750.0,2244.0,1863.0,1637.0
2014-09-08,3755.0,2263.0,1887.0,1651.0
2014-09-09,3735.0,2262.0,1905.0,1648.0
2014-09-10,3765.0,2259.0,1910.0,1687.0
2014-09-11,3785.0,2203.0,1924.0,1669.0
2014-09-12,3790.0,2211.0,1889.0,1654.0
2014-09-16,3805.0,2221.0,1901.0,1719.0
2014-09-17,3820.0,2308.0,1934.0,1763.0
2014-09-18,3855.0,2290.0,1921.0,1739.0
2014-09-19,3950.0,2295.0,1883.0,1743.0
2014-09-22,3940.0,2261.0,1907.0,1761.0
2014-09-24,3925.0,2297.0,1923.0,1780.0
2014-09-25,3935.0,2301.0,1949.0,1774.0
2014-09-26,3910.0,2298.0,1949.0,1725.0
2014-09-29,3940.0,2278.0,1963.0,1713.0
2014-09-30,3950.0,2296.0,1919.0,1723.0
2014-10-01,4035.0,2278.0,1899.0,1692.0
2014-10-02,3985.0,2183.0,1858.0,1637.0
2014-10-03,3985.0,2210.0,1829.0,1670.0
2014-10-06,3985.0,2240.0,1776.0,1695.0
2014-10-07,3945.0,2196.0,1773.0,1648.0
2014-10-08,3940.0,2176.0,1758.0,1646.0
2014-10-09,3915.0,2144.0,1720.0,1626.0
2014-10-10,3850.0,2124.0,1722.0,1599.0
2014-10-14,3785.0,2082.0,1725.0,1569.0
2014-10-15,3790.0,2164.0,1737.0,1603.0
2014-10-16,3705.0,2091.0,1751.0,1545.0
2014-10-17,3660.0,2061.0,1669.0,1536.0
2014-10-20,3755.0,2139.0,1717.0,1587.0
2014-10-21,3780.0,2184.0,1685.0,1568.0
2014-10-22,3865.0,2202.0,1744.0,1605.0
2014-10-23,3845.0,2205.0,1723.0,1592.0
2014-10-24,3875.0,2258.0,1741.0,1611.0
2014-10-27,3935.0,2257.0,1747.0,1611.0
2014-10-28,3960.0,2235.0,1740.0,1602.0
2014-10-29,4020.0,2235.0,1759.0,1606.0
2014-10-30,4045.0,2190.0,1725.0,1575.0
2014-10-31,4265.0,2273.0,1800.0,1624.0
2014-11-03,4265.0,2273.0,1800.0,1624.0
2014-11-04,4345.0,2226.0,1771.0,1613.0
2014-11-05,4370.0,2338.0,1803.0,1644.0
2014-11-06,4360.0,2302.0,1838.0,1626.0
2014-11-07,4355.0,2300.0,1844.0,1637.0
2014-11-10,4320.0,2256.0,1827.0,1634.0
2014-11-11,4345.0,2325.0,1824.0,1640.0
2014-11-12,4430.0,2305.0,1802.0,1630.0
2014-11-13,4400.0,2331.0,1783.0,1637.0
2014-11-14,4430.0,2349.0,1783.0,1652.0
2014-11-17,4305.0,2287.0,1710.0,1620.0
2014-11-18,4435.0,2377.0,1757.0,1638.0
2014-11-19,4380.0,2376.0,1770.0,1629.0
2014-11-20,4440.0,2446.0,1784.0,1623.0
2014-11-21,4480.0,2487.0,1803.0,1625.0
2014-11-24,4480.0,2487.0,1803.0,1625.0
2014-11-25,4515.0,2407.0,1819.0,1624.0
2014-11-26,4530.0,2410.0,1818.0,1632.0
2014-11-27,4465.0,2449.0,1822.0,1632.0
2014-11-28,4530.0,2410.0,1849.0,1633.0
2014-12-01,4575.0,2407.0,1889.0,1686.0
2014-12-02,4565.0,2439.0,1927.0,1702.0
2014-12-03,4480.0,2472.0,1954.0,1705.0
2014-12-04,4475.0,2473.0,1978.0,1716.0
2014-12-05,4415.0,2466.0,2001.0,1734.0
2014-12-08,4360.0,2439.0,1998.0,1746.0
2014-12-09,4380.0,2432.0,1992.0,1752.0
2014-12-10,4325.0,2432.0,1958.0,1734.0
2014-12-11,4280.0,2459.0,1982.0,1731.0
2014-12-12,4305.0,2431.0,1977.0,1732.0
2014-12-15,4215.0,2407.0,1968.0,1740.0
2014-12-16,4145.0,2362.0,1912.0,1667.0
2014-12-17,4165.0,2330.0,1865.0,1658.0
2014-12-18,4305.0,2319.0,1798.0,1686.0
2014-12-19,4420.0,2404.0,1833.0,1690.0
2014-12-22,4425.0,2404.0,1843.0,1699.0
2014-12-23,4425.0,2404.0,1843.0,1699.0
2014-12-24,4510.0,2456.0,1818.0,1723.0
2014-12-25,4530.0,2487.0,1843.0,1745.0
2014-12-26,4590.0,2529.0,1851.0,1765.0
2014-12-29,4550.0,2564.0,1842.0,1780.0
2014-12-30,4515.0,2579.0,1819.0,1768.0
2014-12-31,4515.0,2579.0,1819.0,1768.0
2015-01-01,4515.0,2579.0,1819.0,1768.0
2015-01-02,4515.0,2579.0,1819.0,1768.0
2015-01-05,4530.0,2553.0,1811.0,1779.0
2015-01-06,4375.0,2476.0,1748.0,1755.0
2015-01-07,4300.0,2459.0,1748.0,1754.0
2015-01-08,4350.0,2481.0,1815.0,1775.0
2015-01-09,4330.0,2478.0,1805.0,1756.0
2015-01-13,4345.0,2480.0,1813.0,1766.0
2015-01-14,4260.0,2485.0,1809.0,1770.0
2015-01-15,4340.0,2473.0,1839.0,1790.0
2015-01-16,4295.0,2458.0,1821.0,1791.0
2015-01-19,4330.0,2476.0,1865.0,1808.0
2015-01-20,4490.0,2524.0,1923.0,1835.0
