Date,Value
2005/10/26,9
2005/10/27,5.8
2005/10/28,1
2005/10/29,8.8
2005/10/30,10
2005/10/31,7.3
2005/11/1,1.5
2005/11/2,3.5
2005/11/3,9.5
2005/11/4,1.3
2005/11/5,2.5
2005/11/6,7.5
2005/11/7,5.5
2005/11/8,0.8
2005/11/9,2.5
2005/11/10,2.5
2005/11/11,9
2005/11/12,6
2005/11/13,7.5
2005/11/14,10
2005/11/15,10
2005/11/16,3.5
2005/11/17,3.8
2005/11/18,5.5
2005/11/19,7.3
2005/11/20,5.3
2005/11/21,3.3
2005/11/22,0
2005/11/23,6
2005/11/24,4
2005/11/25,3.5
2005/11/26,5.3
2005/11/27,0.8
2005/11/28,5
2005/11/29,6.3
2005/11/30,1.8
2005/12/1,5.3
2005/12/2,7
2005/12/3,3.5
2005/12/4,8.3
2005/12/5,2.8
2005/12/6,6.5
2005/12/7,7.3
2005/12/8,2.3
2005/12/9,0
2005/12/10,1.3
2005/12/11,8
2005/12/12,5.8
2005/12/13,2
2005/12/14,0.8
2005/12/15,4
2005/12/16,0.3
2005/12/17,0
2005/12/18,0.5
2005/12/19,0
2005/12/20,0.5
2005/12/21,7.8
2005/12/22,5
2005/12/23,0.3
2005/12/24,2.8
2005/12/25,2.3
2005/12/26,0.8
2005/12/27,0.5
2005/12/28,1
2005/12/29,1.8
2005/12/30,2.8
2005/12/31,2.8
2006/1/1,10
2006/1/2,8
2006/1/3,0.8
2006/1/4,7.5
2006/1/5,6.8
2006/1/6,9.3
2006/1/7,1.3
2006/1/8,0
2006/1/9,4.8
2006/1/10,7.3
2006/1/11,1.3
2006/1/12,2.3
2006/1/13,10
2006/1/14,10
2006/1/15,5.5
2006/1/16,10
2006/1/17,6.8
2006/1/18,8.8
2006/1/19,4.3
2006/1/20,10
2006/1/21,10
2006/1/22,3
2006/1/23,0.3
2006/1/24,0.5
2006/1/25,1.5
2006/1/26,0.3
2006/1/27,0.8
2006/1/28,0.5
2006/1/29,1.3
2006/1/30,1.5
2006/1/31,8.5
2006/2/1,9.5
2006/2/2,5
2006/2/3,6.8
2006/2/4,2.8
2006/2/5,0.3
2006/2/6,9.8
2006/2/7,7.5
2006/2/8,4.5
2006/2/9,0.3
2006/2/10,0
2006/2/11,2
2006/2/12,2
2006/2/13,1.3
2006/2/14,3.8
2006/2/15,3
2006/2/16,10
2006/2/17,10
2006/2/18,8
2006/2/19,10
2006/2/20,10
2006/2/21,10
2006/2/22,9
2006/2/23,9.8
2006/2/24,10
2006/2/25,6.8
2006/2/26,10
2006/2/27,9.8
2006/2/28,10
2006/3/1,10
2006/3/2,10
2006/3/3,9.3
2006/3/4,1.8
2006/3/5,0.3
2006/3/6,10
2006/3/7,9
2006/3/8,2.5
2006/3/9,10
2006/3/10,10
2006/3/11,1.3
2006/3/12,8.3
2006/3/13,6.8
2006/3/14,5
2006/3/15,0.3
2006/3/16,5.3
2006/3/17,5.3
2006/3/18,5.5
2006/3/19,6
2006/3/20,0.5
2006/3/21,1.3
2006/3/22,7.5
2006/3/23,9.8
2006/3/24,9.5
2006/3/25,7
2006/3/26,8.3
2006/3/27,3.5
2006/3/28,8.3
2006/3/29,5
2006/3/30,5
2006/3/31,0.3
2006/4/1,2.5
2006/4/2,10
2006/4/3,0
2006/4/4,5
2006/4/5,8
2006/4/6,5
2006/4/7,10
2006/4/8,5.5
2006/4/9,4.3
2006/4/10,10
2006/4/11,10
2006/4/12,10
2006/4/13,7.5
2006/4/14,10
2006/4/15,9.5
2006/4/16,10
2006/4/17,3.5
2006/4/18,3.3
2006/4/19,8.5
2006/4/20,5.5
2006/4/21,3
2006/4/22,7.5
2006/4/23,10
2006/4/24,8.8
2006/4/25,5.5
2006/4/26,7.5
2006/4/27,10
2006/4/28,6
2006/4/29,8
2006/4/30,7.3
2006/5/1,1.3
2006/5/2,10
2006/5/3,0
2006/5/4,2.8
2006/5/5,2.8
2006/5/6,8
2006/5/7,10
2006/5/8,10
2006/5/9,10
2006/5/10,10
2006/5/11,10
2006/5/12,10
2006/5/13,10
2006/5/14,10
2006/5/15,9.3
2006/5/16,10
2006/5/17,10
2006/5/18,10
2006/5/19,10
2006/5/20,4.3
2006/5/21,1
2006/5/22,8.8
2006/5/23,10
2006/5/24,10
2006/5/25,4.8
2006/5/26,10
2006/5/27,10
2006/5/28,9.3
2006/5/29,9.5
2006/5/30,8.3
2006/5/31,3.5
2006/6/1,3.8
2006/6/2,10
2006/6/3,10
2006/6/4,9.8
2006/6/5,10
2006/6/6,10
2006/6/7,6.8
2006/6/8,10
2006/6/9,10
2006/6/10,9.5
2006/6/11,10
2006/6/12,10
2006/6/13,10
2006/6/14,9.5
2006/6/15,8.5
2006/6/16,10
2006/6/17,9.8
2006/6/18,10
2006/6/19,8
2006/6/20,10
2006/6/21,10
2006/6/22,10
2006/6/23,10
2006/6/24,5.8
2006/6/25,10
2006/6/26,10
2006/6/27,7.5
2006/6/28,9.8
2006/6/29,5
2006/6/30,9.8
2006/7/1,10
2006/7/2,9.5
2006/7/3,9.8
2006/7/4,9
2006/7/5,10
2006/7/6,10
2006/7/7,10
2006/7/8,10
2006/7/9,10
2006/7/10,9.8
2006/7/11,10
2006/7/12,10
2006/7/13,10
2006/7/14,7.3
2006/7/15,7.3
2006/7/16,10
2006/7/17,10
2006/7/18,10
2006/7/19,10
2006/7/20,10
2006/7/21,10
2006/7/22,10
2006/7/23,10
2006/7/24,10
2006/7/25,10
2006/7/26,5.5
2006/7/27,9
2006/7/28,10
2006/7/29,7.3
2006/7/30,7
2006/7/31,9.8
2006/8/1,10
2006/8/2,8.8
2006/8/3,2.5
2006/8/4,0
2006/8/5,0
2006/8/6,4.3
2006/8/7,6.8
2006/8/8,9.8
2006/8/9,10
2006/8/10,3.5
2006/8/11,8.5
2006/8/12,8.5
2006/8/13,7
2006/8/14,5.5
2006/8/15,10
2006/8/16,9.5
2006/8/17,10
2006/8/18,6.8
2006/8/19,5.5
2006/8/20,10
2006/8/21,9.5
2006/8/22,9
2006/8/23,8
2006/8/24,6.3
2006/8/25,9.8
2006/8/26,10
2006/8/27,10
2006/8/28,10
2006/8/29,6.5
2006/8/30,10
2006/8/31,7
2006/9/1,10
2006/9/2,4.8
2006/9/3,3.8
2006/9/4,9
2006/9/5,5.3
2006/9/6,10
2006/9/7,10
2006/9/8,9.8
2006/9/9,9.5
2006/9/10,5
2006/9/11,9.5
2006/9/12,10
2006/9/13,10
2006/9/14,10
2006/9/15,7.5
2006/9/16,6.5
2006/9/17,10
2006/9/18,9.3
2006/9/19,7
2006/9/20,1.8
2006/9/21,4
2006/9/22,8
2006/9/23,5.5
2006/9/24,4.5
2006/9/25,8.5
2006/9/26,10
2006/9/27,7.5
2006/9/28,6
2006/9/29,10
2006/9/30,9.8
2006/10/1,9.5
2006/10/2,10
2006/10/3,10
2006/10/4,10
2006/10/5,10
2006/10/6,10
2006/10/7,5.5
2006/10/8,1.5
2006/10/9,2
2006/10/10,2
2006/10/11,9
2006/10/12,8.3
2006/10/13,7.8
2006/10/14,7.5
2006/10/15,4.3
2006/10/16,2
2006/10/17,3.8
2006/10/18,8.3
2006/10/19,2.5
2006/10/20,9.5
2006/10/21,5
2006/10/22,10
2006/10/23,10
2006/10/24,10
2006/10/25,7.5
2006/10/26,8.3
2006/10/27,8.5
2006/10/28,8
2006/10/29,7.8
2006/10/30,6
2006/10/31,5.5
2006/11/1,4
2006/11/2,8.8
2006/11/3,5
2006/11/4,6.5
2006/11/5,5
2006/11/6,10
2006/11/7,4
2006/11/8,0
2006/11/9,0
2006/11/10,6.5
2006/11/11,10
2006/11/12,2.5
2006/11/13,4.5
2006/11/14,4
2006/11/15,4.8
2006/11/16,3
2006/11/17,8
2006/11/18,5.3
2006/11/19,10
2006/11/20,9.8
2006/11/21,4.8
2006/11/22,6
2006/11/23,10
2006/11/24,6.3
2006/11/25,1.8
2006/11/26,7.5
2006/11/27,10
2006/11/28,10
2006/11/29,7.8
2006/11/30,6.3
2006/12/1,4.5
2006/12/2,0.8
2006/12/3,5.8
2006/12/4,1.3
2006/12/5,4.3
2006/12/6,2.3
2006/12/7,10
2006/12/8,10
2006/12/9,10
2006/12/10,7.8
2006/12/11,6
2006/12/12,10
2006/12/13,7.5
2006/12/14,8.3
2006/12/15,7.5
2006/12/16,9.5
2006/12/17,7.8
2006/12/18,3.5
2006/12/19,8
2006/12/20,8.3
2006/12/21,9.8
2006/12/22,8
2006/12/23,0
2006/12/24,4.3
2006/12/25,9
2006/12/26,10
2006/12/27,4.8
2006/12/28,0.5
2006/12/29,1
2006/12/30,0
2006/12/31,2.5
2007/1/1,4.3
2007/1/2,10
2007/1/3,9.3
2007/1/4,8.5
2007/1/5,3.3
2007/1/6,8
2007/1/7,1.3
2007/1/8,1.8
2007/1/9,2.3
2007/1/10,2.3
2007/1/11,4.8
2007/1/12,8.5
2007/1/13,4.5
2007/1/14,0.8
2007/1/15,3
2007/1/16,7.8
2007/1/17,10
2007/1/18,6.8
2007/1/19,3.3
2007/1/20,9.3
2007/1/21,10
2007/1/22,5.3
2007/1/23,5.5
2007/1/24,5.5
2007/1/25,0.8
2007/1/26,8
2007/1/27,5.5
2007/1/28,7.5
2007/1/29,6
2007/1/30,0
2007/1/31,2.8
2007/2/1,1.3
2007/2/2,0.3
2007/2/3,0.3
2007/2/4,0
2007/2/5,3.8
2007/2/6,4.3
2007/2/7,3.5
2007/2/8,2
2007/2/9,5.5
2007/2/10,7.5
2007/2/11,2.5
2007/2/12,0
2007/2/13,5.3
2007/2/14,10
2007/2/15,2
2007/2/16,2.5
2007/2/17,7.5
2007/2/18,7.3
2007/2/19,5.5
2007/2/20,10
2007/2/21,2.8
2007/2/22,4.8
2007/2/23,8.3
2007/2/24,2.3
2007/2/25,6.3
2007/2/26,0.5
2007/2/27,3.3
2007/2/28,4.3
2007/3/1,0
2007/3/2,7.5
2007/3/3,8
2007/3/4,5.5
2007/3/5,10
2007/3/6,5.3
2007/3/7,6.3
2007/3/8,2.5
2007/3/9,7.8
2007/3/10,6
2007/3/11,7.5
2007/3/12,0.8
2007/3/13,0.8
2007/3/14,1.3
2007/3/15,7.5
2007/3/16,8.3
2007/3/17,8
2007/3/18,2.5
2007/3/19,4.8
2007/3/20,4.8
2007/3/21,4.8
2007/3/22,5
2007/3/23,0.3
2007/3/24,8.3
2007/3/25,10
2007/3/26,1
2007/3/27,10
2007/3/28,3.5
2007/3/29,1
2007/3/30,7
2007/3/31,10
2007/4/1,7.5
2007/4/2,10
2007/4/3,10
2007/4/4,10
2007/4/5,1
2007/4/6,7.5
2007/4/7,9.3
2007/4/8,8
2007/4/9,9.5
2007/4/10,5
2007/4/11,10
2007/4/12,6.3
2007/4/13,10
2007/4/14,6.5
2007/4/15,7
2007/4/16,10
2007/4/17,10
2007/4/18,10
2007/4/19,10
2007/4/20,7.3
2007/4/21,10
2007/4/22,10
2007/4/23,10
2007/4/24,10
2007/4/25,10
2007/4/26,4.5
2007/4/27,7.5
2007/4/28,5
2007/4/29,0.5
2007/4/30,2.3
2007/5/1,10
2007/5/2,6.8
2007/5/3,4.3
2007/5/4,3.3
2007/5/5,5.8
2007/5/6,10
2007/5/7,7.5
2007/5/8,2.5
2007/5/9,3.5
2007/5/10,10
2007/5/11,3.3
2007/5/12,5
2007/5/13,10
2007/5/14,7.8
2007/5/15,3.8
2007/5/16,5
2007/5/17,7.3
2007/5/18,5.5
2007/5/19,9.3
2007/5/20,0.8
2007/5/21,3.3
2007/5/22,6
2007/5/23,4.8
2007/5/24,5.8
2007/5/25,9
2007/5/26,5
2007/5/27,7.3
2007/5/28,7
2007/5/29,8.5
2007/5/30,10
2007/5/31,9.5
2007/6/1,8
2007/6/2,6.8
2007/6/3,7.8
2007/6/4,7.5
2007/6/5,9.3
2007/6/6,3
2007/6/7,7.5
2007/6/8,7.8
2007/6/9,9.8
2007/6/10,10
2007/6/11,6.8
2007/6/12,1
2007/6/13,6.3
2007/6/14,10
2007/6/15,8.8
2007/6/16,2.8
2007/6/17,9
2007/6/18,9.5
2007/6/19,7.8
2007/6/20,0
2007/6/21,10
2007/6/22,10
2007/6/23,5.8
2007/6/24,10
2007/6/25,10
2007/6/26,10
2007/6/27,6.5
2007/6/28,10
2007/6/29,10
2007/6/30,9.5
2007/7/1,10
2007/7/2,9
2007/7/3,8
2007/7/4,10
2007/7/5,9
2007/7/6,7.3
2007/7/7,9.8
2007/7/8,10
2007/7/9,10
2007/7/10,10
2007/7/11,10
2007/7/12,8.3
2007/7/13,10
2007/7/14,10
2007/7/15,9.8
2007/7/16,8.8
2007/7/17,10
2007/7/18,10
2007/7/19,10
2007/7/20,9.5
2007/7/21,10
2007/7/22,10
2007/7/23,10
2007/7/24,1.5
2007/7/25,4.5
2007/7/26,8.8
2007/7/27,3.8
2007/7/28,4.5
2007/7/29,9.3
2007/7/30,10
2007/7/31,10
2007/8/1,6.8
2007/8/2,9.5
2007/8/3,9.5
2007/8/4,5.5
2007/8/5,2
2007/8/6,2.5
2007/8/7,8
2007/8/8,7.5
2007/8/9,2.3
2007/8/10,1.5
2007/8/11,1.5
2007/8/12,4.3
2007/8/13,5.3
2007/8/14,4.3
2007/8/15,2.3
2007/8/16,5.8
2007/8/17,10
2007/8/18,10
2007/8/19,7.8
2007/8/20,2.8
2007/8/21,4.5
2007/8/22,4.8
2007/8/23,9.3
2007/8/24,9.3
2007/8/25,8.5
2007/8/26,5.8
2007/8/27,8.8
2007/8/28,9.3
2007/8/29,10
2007/8/30,10
2007/8/31,10
2007/9/1,10
2007/9/2,10
2007/9/3,5.8
2007/9/4,7.8
2007/9/5,9.8
2007/9/6,9.8
2007/9/7,9.8
2007/9/8,1.5
2007/9/9,4.3
2007/9/10,9.5
2007/9/11,10
2007/9/12,9.8
2007/9/13,10
2007/9/14,7.3
2007/9/15,6.5
2007/9/16,8.5
2007/9/17,7
2007/9/18,10
2007/9/19,10
2007/9/20,3.3
2007/9/21,2.3
2007/9/22,5
2007/9/23,10
2007/9/24,10
2007/9/25,6.8
2007/9/26,9.5
2007/9/27,9.5
2007/9/28,6.3
2007/9/29,10
2007/9/30,10
2007/10/1,10
2007/10/2,10
2007/10/3,10
2007/10/4,6.5
2007/10/5,9.3
2007/10/6,3
2007/10/7,5
2007/10/8,7.8
2007/10/9,10
2007/10/10,8
2007/10/11,7.3
2007/10/12,9.3
2007/10/13,10
2007/10/14,10
2007/10/15,10
2007/10/16,10
2007/10/17,9.5
2007/10/18,5.3
2007/10/19,10
2007/10/20,7.5
2007/10/21,0
2007/10/22,5
2007/10/23,7.5
2007/10/24,1.5
2007/10/25,5.3
2007/10/26,10
2007/10/27,10
2007/10/28,0
2007/10/29,5
2007/10/30,6.3
2007/10/31,7.3
2007/11/1,6
2007/11/2,10
2007/11/3,7.3
2007/11/4,5
2007/11/5,9.3
2007/11/6,10
2007/11/7,5
2007/11/8,5.5
2007/11/9,10
2007/11/10,10
2007/11/11,10
2007/11/12,2.8
2007/11/13,1.3
2007/11/14,5.5
2007/11/15,0
2007/11/16,4
2007/11/17,7.3
2007/11/18,1.8
2007/11/19,3.3
2007/11/20,5.8
2007/11/21,0.3
2007/11/22,2.3
2007/11/23,1
2007/11/24,0
2007/11/25,0
2007/11/26,7
2007/11/27,10
2007/11/28,10
2007/11/29,10
2007/11/30,10
2007/12/1,5.5
2007/12/2,3
2007/12/3,5.3
2007/12/4,6.3
2007/12/5,1
2007/12/6,3.3
2007/12/7,0
2007/12/8,6.5
2007/12/9,4.5
2007/12/10,5.5
2007/12/11,10
2007/12/12,8.5
2007/12/13,10
2007/12/14,1.3
2007/12/15,3.3
2007/12/16,1.5
2007/12/17,7.5
2007/12/18,0.3
2007/12/19,7.5
2007/12/20,1.8
2007/12/21,3.5
2007/12/22,10
2007/12/23,7.5
2007/12/24,5
2007/12/25,8
2007/12/26,2.5
2007/12/27,2.3
2007/12/28,10
2007/12/29,10
2007/12/30,3.5
2007/12/31,0.8
2008/1/1,2.5
2008/1/2,0
2008/1/3,0.5
2008/1/4,0
2008/1/5,4.8
2008/1/6,0
2008/1/7,9.3
2008/1/8,2.5
2008/1/9,5.5
2008/1/10,1.5
2008/1/11,5
2008/1/12,10
2008/1/13,6.3
2008/1/14,10
2008/1/15,5.5
2008/1/16,6.8
2008/1/17,7.5
2008/1/18,7.5
2008/1/19,8.3
2008/1/20,10
2008/1/21,10
2008/1/22,10
2008/1/23,10
2008/1/24,3.3
2008/1/25,0.3
2008/1/26,3.8
2008/1/27,1
2008/1/28,7
2008/1/29,10
2008/1/30,6
2008/1/31,3.8
2008/2/1,1.3
2008/2/2,10
2008/2/3,10
2008/2/4,2.8
2008/2/5,1.5
2008/2/6,10
2008/2/7,4.5
2008/2/8,1.5
2008/2/9,8.8
2008/2/10,7.8
2008/2/11,7.5
2008/2/12,10
2008/2/13,2.3
2008/2/14,0.3
2008/2/15,1.8
2008/2/16,3.5
2008/2/17,2.8
2008/2/18,0
2008/2/19,3
2008/2/20,0
2008/2/21,2.5
2008/2/22,6.3
2008/2/23,5
2008/2/24,2.8
2008/2/25,0
2008/2/26,10
2008/2/27,4.5
2008/2/28,2.3
2008/2/29,3.3
2008/3/1,1.3
2008/3/2,7
2008/3/3,4
2008/3/4,4
2008/3/5,6
2008/3/6,2.5
2008/3/7,5.5
2008/3/8,0
2008/3/9,5.5
2008/3/10,5.3
2008/3/11,0.8
2008/3/12,3
2008/3/13,5
2008/3/14,10
2008/3/15,3
2008/3/16,7
2008/3/17,10
2008/3/18,6
2008/3/19,10
2008/3/20,10
2008/3/21,9.8
2008/3/22,1.3
2008/3/23,6.8
2008/3/24,8.5
2008/3/25,4
2008/3/26,5.3
2008/3/27,6.5
2008/3/28,6.8
2008/3/29,6
2008/3/30,8.3
2008/3/31,7
2008/4/1,0
2008/4/2,6.5
2008/4/3,1.8
2008/4/4,9
2008/4/5,6.8
2008/4/6,4.3
2008/4/7,8.8
2008/4/8,10
2008/4/9,10
2008/4/10,10
2008/4/11,6.3
2008/4/12,8.8
2008/4/13,10
2008/4/14,5
2008/4/15,0.8
2008/4/16,10
2008/4/17,10
2008/4/18,10
2008/4/19,10
2008/4/20,7.5
2008/4/21,10
2008/4/22,5.5
2008/4/23,4.8
2008/4/24,10
2008/4/25,8.5
2008/4/26,10
2008/4/27,7.5
2008/4/28,9.8
2008/4/29,4.5
2008/4/30,0
2008/5/1,7.3
2008/5/2,10
2008/5/3,10
2008/5/4,10
2008/5/5,10
2008/5/6,4.3
2008/5/7,6.8
2008/5/8,9.3
2008/5/9,10
2008/5/10,10
2008/5/11,10
2008/5/12,10
2008/5/13,10
2008/5/14,10
2008/5/15,6.3
2008/5/16,6.3
2008/5/17,7.8
2008/5/18,6.3
2008/5/19,8.8
2008/5/20,10
2008/5/21,4.5
2008/5/22,5.8
2008/5/23,7.8
2008/5/24,10
2008/5/25,10
2008/5/26,8.3
2008/5/27,2.8
2008/5/28,9.8
2008/5/29,10
2008/5/30,10
2008/5/31,10
2008/6/1,6.8
2008/6/2,10
2008/6/3,10
2008/6/4,10
2008/6/5,10
2008/6/6,7.5
2008/6/7,9.5
2008/6/8,10
2008/6/9,10
2008/6/10,3.8
2008/6/11,10
2008/6/12,8
2008/6/13,0.8
2008/6/14,7.5
2008/6/15,10
2008/6/16,7.3
2008/6/17,7.5
2008/6/18,10
2008/6/19,10
2008/6/20,10
2008/6/21,10
2008/6/22,10
2008/6/23,10
2008/6/24,6.3
2008/6/25,10
2008/6/26,10
2008/6/27,9.3
2008/6/28,10
2008/6/29,10
2008/6/30,8.8
2008/7/1,9.5
2008/7/2,9.5
2008/7/3,7.8
2008/7/4,7.8
2008/7/5,7.8
2008/7/6,10
2008/7/7,10
2008/7/8,10
2008/7/9,10
2008/7/10,9
2008/7/11,8.8
2008/7/12,7.5
2008/7/13,6.3
2008/7/14,9.5
2008/7/15,10
2008/7/16,9.3
2008/7/17,4.8
2008/7/18,9.3
2008/7/19,6.8
2008/7/20,5.3
2008/7/21,10
2008/7/22,7
2008/7/23,9.5
2008/7/24,9.8
2008/7/25,8
2008/7/26,10
2008/7/27,10
2008/7/28,8.3
2008/7/29,7.3
2008/7/30,8.5
2008/7/31,10
2008/8/1,10
2008/8/2,7.3
2008/8/3,8
2008/8/4,5.5
2008/8/5,10
2008/8/6,8
2008/8/7,4
2008/8/8,5.3
2008/8/9,9.8
2008/8/10,10
2008/8/11,7.5
2008/8/12,7.8
2008/8/13,8.8
2008/8/14,9.5
2008/8/15,6.5
2008/8/16,8.8
2008/8/17,10
2008/8/18,9.5
2008/8/19,8.8
2008/8/20,7.5
2008/8/21,9.8
2008/8/22,7.8
2008/8/23,10
2008/8/24,10
2008/8/25,10
2008/8/26,10
2008/8/27,9
2008/8/28,10
2008/8/29,9.5
2008/8/30,10
2008/8/31,9.3
2008/9/1,8
2008/9/2,8
2008/9/3,4.3
2008/9/4,8.3
2008/9/5,10
2008/9/6,8.3
2008/9/7,9.8
2008/9/8,6.5
2008/9/9,2.5
2008/9/10,0.8
2008/9/11,7.5
2008/9/12,3.3
2008/9/13,6.8
2008/9/14,9.3
2008/9/15,10
2008/9/16,9.3
2008/9/17,9.3
2008/9/18,9.8
2008/9/19,10
2008/9/20,5.5
2008/9/21,10
2008/9/22,7.8
2008/9/23,6
2008/9/24,6.8
2008/9/25,10
2008/9/26,8.5
2008/9/27,10
2008/9/28,10
2008/9/29,10
2008/9/30,10
2008/10/1,7.8
2008/10/2,2.8
2008/10/3,8
2008/10/4,1.3
2008/10/5,8
2008/10/6,10
2008/10/7,10
2008/10/8,9.8
2008/10/9,7
2008/10/10,7.8
2008/10/11,5
2008/10/12,7
2008/10/13,7.8
2008/10/14,10
2008/10/15,7.3
2008/10/16,3
2008/10/17,5
2008/10/18,6.8
2008/10/19,5.8
2008/10/20,7.8
2008/10/21,2
2008/10/22,9.3
2008/10/23,10
2008/10/24,10
2008/10/25,9.8
2008/10/26,10
2008/10/27,5.5
2008/10/28,1.5
2008/10/29,9
2008/10/30,5
2008/10/31,9.8
2008/11/1,0.3
2008/11/2,8.8
2008/11/3,10
2008/11/4,8.5
2008/11/5,7
2008/11/6,7.5
2008/11/7,7.8
2008/11/8,10
2008/11/9,10
2008/11/10,10
2008/11/11,10
2008/11/12,10
2008/11/13,2.8
2008/11/14,8
2008/11/15,10
2008/11/16,10
2008/11/17,6.5
2008/11/18,8.8
2008/11/19,1.5
2008/11/20,0
2008/11/21,0
2008/11/22,2
2008/11/23,5.8
2008/11/24,7.8
2008/11/25,5.5
2008/11/26,2.8
2008/11/27,9
2008/11/28,5.3
2008/11/29,1
2008/11/30,0
2008/12/1,5.3
2008/12/2,10
2008/12/3,0
2008/12/4,2.5
2008/12/5,8.3
2008/12/6,5.5
2008/12/7,0
2008/12/8,8
2008/12/9,7.5
2008/12/10,7.8
2008/12/11,5.8
2008/12/12,2.5
2008/12/13,8.8
2008/12/14,7.5
2008/12/15,0
2008/12/16,4
2008/12/17,10
2008/12/18,0.8
2008/12/19,0.5
2008/12/20,3.5
2008/12/21,1
2008/12/22,6.5
2008/12/23,4.8
2008/12/24,7.5
2008/12/25,2.5
2008/12/26,1.3
2008/12/27,0.8
2008/12/28,0
2008/12/29,2.3
2008/12/30,0.3
2008/12/31,0
2009/1/1,1
2009/1/2,1
2009/1/3,0
2009/1/4,2.3
2009/1/5,4.8
2009/1/6,6.5
2009/1/7,9
2009/1/8,8.5
2009/1/9,10
2009/1/10,4
2009/1/11,0.5
2009/1/12,3.3
2009/1/13,0.8
2009/1/14,0
2009/1/15,0
2009/1/16,0.5
2009/1/17,0
2009/1/18,8.5
2009/1/19,4
2009/1/20,8.5
2009/1/21,10
2009/1/22,10
2009/1/23,8.8
2009/1/24,10
2009/1/25,2.5
2009/1/26,7.3
2009/1/27,8.3
2009/1/28,10
2009/1/29,10
2009/1/30,10
2009/1/31,10
2009/2/1,1.5
2009/2/2,4.5
2009/2/3,9.3
2009/2/4,10
2009/2/5,9.8
2009/2/6,0
2009/2/7,7.3
2009/2/8,1.8
2009/2/9,8.5
2009/2/10,3.3
2009/2/11,8.3
2009/2/12,3.3
2009/2/13,10
2009/2/14,7.5
2009/2/15,7.3
2009/2/16,9
2009/2/17,5.3
2009/2/18,1.3
2009/2/19,5
2009/2/20,9.3
2009/2/21,0.3
2009/2/22,5
2009/2/23,8.5
2009/2/24,10
2009/2/25,10
2009/2/26,10
2009/2/27,10
2009/2/28,10
2009/3/1,10
2009/3/2,1
2009/3/3,10
2009/3/4,10
2009/3/5,4.8
2009/3/6,10
2009/3/7,7.8
2009/3/8,10
2009/3/9,10
2009/3/10,7.8
2009/3/11,7.5
2009/3/12,3
2009/3/13,10
2009/3/14,7.5
2009/3/15,0
2009/3/16,2.5
2009/3/17,3.5
2009/3/18,2
2009/3/19,4
2009/3/20,5.5
2009/3/21,0.3
2009/3/22,10
2009/3/23,5.5
2009/3/24,7.5
2009/3/25,7.8
2009/3/26,6.5
2009/3/27,5
2009/3/28,8.3
2009/3/29,7.3
2009/3/30,3.3
2009/3/31,10
2009/4/1,10
2009/4/2,5
2009/4/3,5
2009/4/4,7.3
2009/4/5,8.8
2009/4/6,3.5
2009/4/7,0.3
2009/4/8,5.8
2009/4/9,0
2009/4/10,0
2009/4/11,2.5
2009/4/12,9.3
2009/4/13,7
2009/4/14,10
2009/4/15,4.8
2009/4/16,5.3
2009/4/17,10
2009/4/18,9.8
2009/4/19,4.8
2009/4/20,8.5
2009/4/21,10
2009/4/22,6.8
2009/4/23,2.5
2009/4/24,9.8
2009/4/25,10
2009/4/26,2.5
2009/4/27,2.3
2009/4/28,2.5
2009/4/29,0
2009/4/30,0
2009/5/1,4
2009/5/2,1
2009/5/3,9.8
2009/5/4,9.8
2009/5/5,10
2009/5/6,10
2009/5/7,10
2009/5/8,10
2009/5/9,6
2009/5/10,7.8
2009/5/11,10
2009/5/12,10
2009/5/13,9.3
2009/5/14,4
2009/5/15,6.5
2009/5/16,8.5
2009/5/17,10
2009/5/18,8.5
2009/5/19,8
2009/5/20,0.8
2009/5/21,7.8
2009/5/22,7.8
2009/5/23,10
2009/5/24,10
2009/5/25,6.5
2009/5/26,5.5
2009/5/27,9.5
2009/5/28,10
2009/5/29,10
2009/5/30,10
2009/5/31,10
2009/6/1,7.5
2009/6/2,7.3
2009/6/3,10
2009/6/4,10
2009/6/5,10
2009/6/6,9.3
2009/6/7,4.5
2009/6/8,10
2009/6/9,10
2009/6/10,10
2009/6/11,6.8
2009/6/12,8.3
2009/6/13,8.5
2009/6/14,10
2009/6/15,10
2009/6/16,10
2009/6/17,9.3
2009/6/18,10
2009/6/19,7.5
2009/6/20,9.3
2009/6/21,10
2009/6/22,10
2009/6/23,8.8
2009/6/24,10
2009/6/25,9.5
2009/6/26,10
2009/6/27,5
2009/6/28,9.8
2009/6/29,8
2009/6/30,10
2009/7/1,10
2009/7/2,10
2009/7/3,10
2009/7/4,10
2009/7/5,8
2009/7/6,10
2009/7/7,8.3
2009/7/8,8.3
2009/7/9,10
2009/7/10,10
2009/7/11,10
2009/7/12,7.5
2009/7/13,10
2009/7/14,9.8
2009/7/15,7.3
2009/7/16,3.5
2009/7/17,10
2009/7/18,10
2009/7/19,7.8
2009/7/20,6.8
2009/7/21,10
2009/7/22,10
2009/7/23,10
2009/7/24,10
2009/7/25,9.5
2009/7/26,4.3
2009/7/27,8.8
2009/7/28,10
2009/7/29,10
2009/7/30,8
2009/7/31,10
2009/8/1,9.3
2009/8/2,10
2009/8/3,9.8
2009/8/4,9
2009/8/5,10
2009/8/6,9
2009/8/7,9.3
2009/8/8,9.5
2009/8/9,10
2009/8/10,10
2009/8/11,9.8
2009/8/12,8.3
2009/8/13,6.5
2009/8/14,6.5
2009/8/15,3
2009/8/16,4
2009/8/17,5.5
2009/8/18,9
2009/8/19,10
2009/8/20,8.3
2009/8/21,9.5
2009/8/22,8.3
2009/8/23,8.5
2009/8/24,10
2009/8/25,9.3
2009/8/26,7.3
2009/8/27,2.3
2009/8/28,4.3
2009/8/29,7
2009/8/30,10
2009/8/31,10
2009/9/1,8
2009/9/2,10
2009/9/3,10
2009/9/4,9.8
2009/9/5,1.5
2009/9/6,4.5
2009/9/7,4
2009/9/8,10
2009/9/9,10
2009/9/10,4.8
2009/9/11,9.5
2009/9/12,10
2009/9/13,6.8
2009/9/14,7.8
2009/9/15,10
2009/9/16,6.8
2009/9/17,4.3
2009/9/18,9.5
2009/9/19,10
2009/9/20,2.8
2009/9/21,9.8
2009/9/22,10
2009/9/23,10
2009/9/24,3.3
2009/9/25,2.3
2009/9/26,5.3
2009/9/27,9.3
2009/9/28,9.3
2009/9/29,10
2009/9/30,10
2009/10/1,10
2009/10/2,10
2009/10/3,9.5
2009/10/4,6.3
2009/10/5,10
2009/10/6,10
2009/10/7,10
2009/10/8,6
2009/10/9,8.3
2009/10/10,6.5
2009/10/11,2
2009/10/12,7.3
2009/10/13,4.8
2009/10/14,7.5
2009/10/15,2.5
2009/10/16,2
2009/10/17,10
2009/10/18,2.5
2009/10/19,2
2009/10/20,5
2009/10/21,4.8
2009/10/22,5.5
2009/10/23,8.3
2009/10/24,10
2009/10/25,10
2009/10/26,10
2009/10/27,2.8
2009/10/28,2
2009/10/29,4
2009/10/30,5.3
2009/10/31,4
2009/11/1,9.3
2009/11/2,10
2009/11/3,2.5
2009/11/4,5.5
2009/11/5,8.5
2009/11/6,0.8
2009/11/7,4.8
2009/11/8,5.8
2009/11/9,5
2009/11/10,6.5
2009/11/11,10
2009/11/12,10
2009/11/13,10
2009/11/14,9.8
2009/11/15,2.5
2009/11/16,9
2009/11/17,10
2009/11/18,5
2009/11/19,9.8
2009/11/20,7
2009/11/21,1.8
2009/11/22,10
2009/11/23,4.5
2009/11/24,7.8
2009/11/25,7.5
2009/11/26,4
2009/11/27,5.8
2009/11/28,5.8
2009/11/29,6.5
2009/11/30,8.8
2009/12/1,1.3
2009/12/2,0.5
2009/12/3,10
2009/12/4,3.5
2009/12/5,10
2009/12/6,0
2009/12/7,2.8
2009/12/8,2.5
2009/12/9,10
2009/12/10,6.3
2009/12/11,10
2009/12/12,6.3
2009/12/13,9.3
2009/12/14,8.5
2009/12/15,7.5
2009/12/16,6.5
2009/12/17,3.5
2009/12/18,0.8
2009/12/19,2
2009/12/20,0
2009/12/21,0
2009/12/22,2
2009/12/23,0
2009/12/24,4.5
2009/12/25,5.5
2009/12/26,4.8
2009/12/27,8
2009/12/28,5
2009/12/29,7.5
2009/12/30,2.3
2009/12/31,1
2010/1/1,0
2010/1/2,0
2010/1/3,6.3
2010/1/4,5
2010/1/5,3.8
2010/1/6,0.5
2010/1/7,6.3
2010/1/8,2
2010/1/9,2
2010/1/10,0.8
2010/1/11,9.3
2010/1/12,10
2010/1/13,5
2010/1/14,0.5
2010/1/15,0
2010/1/16,0.3
2010/1/17,0.3
2010/1/18,5.3
2010/1/19,1.8
2010/1/20,6.5
2010/1/21,7.8
2010/1/22,4.5
2010/1/23,5
2010/1/24,0.3
2010/1/25,3.3
2010/1/26,0
2010/1/27,4
2010/1/28,10
2010/1/29,4.3
2010/1/30,3.8
2010/1/31,8
2010/2/1,7.5
2010/2/2,7.5
2010/2/3,6.5
2010/2/4,4
2010/2/5,1.3
2010/2/6,3.3
2010/2/7,2.5
2010/2/8,4
2010/2/9,6.5
2010/2/10,9.8
2010/2/11,10
2010/2/12,10
2010/2/13,10
2010/2/14,8.8
2010/2/15,10
2010/2/16,10
2010/2/17,10
2010/2/18,7
2010/2/19,6.3
2010/2/20,2.3
2010/2/21,6
2010/2/22,8.3
2010/2/23,6
2010/2/24,0.8
2010/2/25,6
2010/2/26,10
2010/2/27,10
2010/2/28,7.8
2010/3/1,10
2010/3/2,10
2010/3/3,5.5
2010/3/4,9.8
2010/3/5,7.3
2010/3/6,10
2010/3/7,10
2010/3/8,7.5
2010/3/9,10
2010/3/10,6.3
2010/3/11,0
2010/3/12,4.8
2010/3/13,1.3
2010/3/14,3.3
2010/3/15,10
2010/3/16,6.3
2010/3/17,7.5
2010/3/18,8
2010/3/19,6.5
2010/3/20,2.3
2010/3/21,4.8
2010/3/22,2.8
2010/3/23,9
2010/3/24,10
2010/3/25,10
2010/3/26,10
2010/3/27,9.5
2010/3/28,10
2010/3/29,7.5
2010/3/30,1
2010/3/31,7.5
2010/4/1,8.5
2010/4/2,10
2010/4/3,6.5
2010/4/4,9.8
2010/4/5,10
2010/4/6,7.8
2010/4/7,10
2010/4/8,3.5
2010/4/9,9.8
2010/4/10,7.8
2010/4/11,8.8
2010/4/12,10
2010/4/13,7
2010/4/14,8
2010/4/15,10
2010/4/16,10
2010/4/17,9.3
2010/4/18,5.3
2010/4/19,9.3
2010/4/20,10
2010/4/21,9.5
2010/4/22,10
2010/4/23,10
2010/4/24,9.5
2010/4/25,1.3
2010/4/26,4.5
2010/4/27,10
2010/4/28,10
2010/4/29,3.3
2010/4/30,5
2010/5/1,1
2010/5/2,0
2010/5/3,7.5
2010/5/4,10
2010/5/5,7.5
2010/5/6,7.5
2010/5/7,9.3
2010/5/8,6.8
2010/5/9,6.3
2010/5/10,9.8
2010/5/11,10
2010/5/12,5.5
2010/5/13,4.3
2010/5/14,8.5
2010/5/15,7.5
2010/5/16,7
2010/5/17,4
2010/5/18,6.5
2010/5/19,9.3
2010/5/20,10
2010/5/21,3
2010/5/22,7.5
2010/5/23,10
2010/5/24,10
2010/5/25,8.5
2010/5/26,10
2010/5/27,8.5
2010/5/28,5.3
2010/5/29,10
2010/5/30,10
2010/5/31,8.8
2010/6/1,4.8
2010/6/2,0
2010/6/3,1.3
2010/6/4,3.8
2010/6/5,7.8
2010/6/6,8.8
2010/6/7,10
2010/6/8,10
2010/6/9,10
2010/6/10,2.8
2010/6/11,10
2010/6/12,1
2010/6/13,9.3
2010/6/14,10
2010/6/15,8.8
2010/6/16,8.3
2010/6/17,8
2010/6/18,10
2010/6/19,10
2010/6/20,10
2010/6/21,8.5
2010/6/22,8
2010/6/23,10
2010/6/24,7.8
2010/6/25,10
2010/6/26,10
2010/6/27,10
2010/6/28,10
2010/6/29,10
2010/6/30,8.8
2010/7/1,9.8
2010/7/2,6.3
2010/7/3,9.8
2010/7/4,10
2010/7/5,9
2010/7/6,10
2010/7/7,10
2010/7/8,7.8
2010/7/9,10
2010/7/10,7.3
2010/7/11,9.8
2010/7/12,9.8
2010/7/13,10
2010/7/14,9.5
2010/7/15,6.5
2010/7/16,5.5
2010/7/17,7.3
2010/7/18,4.8
2010/7/19,5.3
2010/7/20,9
2010/7/21,4.5
2010/7/22,3
2010/7/23,6
2010/7/24,6
2010/7/25,6.5
2010/7/26,8.3
2010/7/27,5.5
2010/7/28,5
2010/7/29,9.3
2010/7/30,8.8
2010/7/31,9.5
2010/8/1,9.8
2010/8/2,9.5
2010/8/3,6.3
2010/8/4,4.5
2010/8/5,1.3
2010/8/6,5
2010/8/7,6.5
2010/8/8,9.5
2010/8/9,10
2010/8/10,9.5
2010/8/11,8
2010/8/12,9.8
2010/8/13,9.8
2010/8/14,10
2010/8/15,9.5
2010/8/16,7.3
2010/8/17,3.5
2010/8/18,9.3
2010/8/19,9.3
2010/8/20,10
2010/8/21,6.3
2010/8/22,2
2010/8/23,1.5
2010/8/24,6
2010/8/25,3
2010/8/26,2.8
2010/8/27,4.8
2010/8/28,3
2010/8/29,7.5
2010/8/30,7
2010/8/31,4
2010/9/1,4.5
2010/9/2,7.8
2010/9/3,4.5
2010/9/4,1.3
2010/9/5,7.3
2010/9/6,6.8
2010/9/7,8.8
2010/9/8,10
2010/9/9,8.3
2010/9/10,5.5
2010/9/11,5.3
2010/9/12,10
2010/9/13,8.3
2010/9/14,9.5
2010/9/15,10
2010/9/16,10
2010/9/17,6.8
2010/9/18,4.8
2010/9/19,9.5
2010/9/20,7.3
2010/9/21,7.3
2010/9/22,6.8
2010/9/23,10
2010/9/24,10
2010/9/25,5
2010/9/26,5.3
2010/9/27,10
2010/9/28,9.5
2010/9/29,8.8
2010/9/30,10
2010/10/1,7.5
2010/10/2,4.5
2010/10/3,7.3
2010/10/4,10
2010/10/5,9.3
2010/10/6,4.8
2010/10/7,7
2010/10/8,8.8
2010/10/9,10
2010/10/10,8.3
2010/10/11,3
2010/10/12,9
2010/10/13,9.3
2010/10/14,9.5
2010/10/15,8.8
2010/10/16,7.3
2010/10/17,10
2010/10/18,8.3
2010/10/19,10
2010/10/20,10
2010/10/21,10
2010/10/22,10
2010/10/23,7.8
2010/10/24,10
2010/10/25,10
2010/10/26,10
2010/10/27,5
2010/10/28,10
2010/10/29,10
2010/10/30,10
2010/10/31,10
2010/11/1,6
2010/11/2,5
2010/11/3,4.8
2010/11/4,4.3
2010/11/5,0
2010/11/6,3.5
2010/11/7,9.3
2010/11/8,6.3
2010/11/9,2.8
2010/11/10,0
2010/11/11,0.8
2010/11/12,3.5
2010/11/13,10
2010/11/14,7.5
2010/11/15,7.5
2010/11/16,5.3
2010/11/17,10
2010/11/18,6.5
2010/11/19,4
2010/11/20,7.8
2010/11/21,8
2010/11/22,10
2010/11/23,9
2010/11/24,7
2010/11/25,9.3
2010/11/26,10
2010/11/27,6
2010/11/28,5
2010/11/29,1
2010/11/30,5
2010/12/1,9.5
2010/12/2,5.5
2010/12/3,5
2010/12/4,0
2010/12/5,2.5
2010/12/6,5.3
2010/12/7,10
2010/12/8,6.3
2010/12/9,2.5
2010/12/10,2.3
2010/12/11,4.3
2010/12/12,4
2010/12/13,10
2010/12/14,8
2010/12/15,6.3
2010/12/16,10
2010/12/17,0.8
2010/12/18,0.3
2010/12/19,8.8
2010/12/20,5
2010/12/21,7.5
2010/12/22,4.3
2010/12/23,0
2010/12/24,2.5
2010/12/25,1
2010/12/26,3
2010/12/27,0
2010/12/28,0.5
2010/12/29,3.3
2010/12/30,6.5
2010/12/31,3
2011/1/1,5
2011/1/2,3.3
2011/1/3,7
2011/1/4,3.5
2011/1/5,4.5
2011/1/6,2.3
2011/1/7,0
2011/1/8,0
2011/1/9,2.3
2011/1/10,1.8
2011/1/11,5.8
2011/1/12,2.8
2011/1/13,2.3
2011/1/14,1.3
2011/1/15,9.5
2011/1/16,3.8
2011/1/17,1.3
2011/1/18,1
2011/1/19,1.5
2011/1/20,3.3
2011/1/21,4.5
2011/1/22,2.3
2011/1/23,5.5
2011/1/24,8.5
2011/1/25,2
2011/1/26,2.3
2011/1/27,3.3
2011/1/28,2
2011/1/29,4.8
2011/1/30,3
2011/1/31,0
2011/2/1,0
2011/2/2,6.8
2011/2/3,2.5
2011/2/4,2.5
2011/2/5,6.5
2011/2/6,5.3
2011/2/7,1
2011/2/8,10
2011/2/9,5.3
2011/2/10,10
2011/2/11,10
2011/2/12,9.3
2011/2/13,0.3
2011/2/14,10
2011/2/15,5.3
2011/2/16,0.8
2011/2/17,9.8
2011/2/18,6.8
2011/2/19,9
2011/2/20,10
2011/2/21,6.5
2011/2/22,0.8
2011/2/23,2.5
2011/2/24,8.5
2011/2/25,4
2011/2/26,0
2011/2/27,7
2011/2/28,10
2011/3/1,10
2011/3/2,7.5
2011/3/3,5.3
2011/3/4,0.3
2011/3/5,2
2011/3/6,9
2011/3/7,10
2011/3/8,9.5
2011/3/9,3
2011/3/10,4
2011/3/11,2
2011/3/12,3.8
2011/3/13,2.5
2011/3/14,5
2011/3/15,8
2011/3/16,5.8
2011/3/17,1.8
2011/3/18,3.3
2011/3/19,5
2011/3/20,5
2011/3/21,10
2011/3/22,10
2011/3/23,10
2011/3/24,8
2011/3/25,4.5
2011/3/26,2.5
2011/3/27,4.8
2011/3/28,2.5
2011/3/29,2
2011/3/30,2.5
2011/3/31,4.8
2011/4/1,0
2011/4/2,6.3
2011/4/3,9.8
2011/4/4,2.8
2011/4/5,0
2011/4/6,0
2011/4/7,4.8
2011/4/8,7.5
2011/4/9,10
2011/4/10,8
2011/4/11,9.3
2011/4/12,2.3
2011/4/13,0
2011/4/14,0
2011/4/15,9
2011/4/16,7.8
2011/4/17,5.3
2011/4/18,10
2011/4/19,8.8
2011/4/20,5
2011/4/21,10
2011/4/22,10
2011/4/23,10
2011/4/24,1.8
2011/4/25,2.5
2011/4/26,7.5
2011/4/27,5
2011/4/28,4.3
2011/4/29,5.5
2011/4/30,7.5
2011/5/1,9.3
2011/5/2,5
2011/5/3,8.3
2011/5/4,5.8
2011/5/5,10
2011/5/6,9.8
2011/5/7,10
2011/5/8,2
2011/5/9,7.5
2011/5/10,10
2011/5/11,10
2011/5/12,10
2011/5/13,9.5
2011/5/14,6.8
2011/5/15,7
2011/5/16,10
2011/5/17,10
2011/5/18,2.5
2011/5/19,2.8
2011/5/20,3
2011/5/21,2.3
2011/5/22,7.8
2011/5/23,10
2011/5/24,9.3
2011/5/25,9.5
2011/5/26,10
2011/5/27,10
2011/5/28,10
2011/5/29,10
2011/5/30,10
2011/5/31,9.8
2011/6/1,10
2011/6/2,10
2011/6/3,10
2011/6/4,8.5
2011/6/5,10
2011/6/6,4.8
2011/6/7,10
2011/6/8,9.3
2011/6/9,9.3
2011/6/10,8.3
2011/6/11,10
2011/6/12,10
2011/6/13,9.3
2011/6/14,9.8
2011/6/15,10
2011/6/16,10
2011/6/17,10
2011/6/18,10
2011/6/19,10
2011/6/20,10
2011/6/21,9
2011/6/22,3
2011/6/23,9.3
2011/6/24,9.8
2011/6/25,10
2011/6/26,10
2011/6/27,10
2011/6/28,5.5
2011/6/29,3.3
2011/6/30,9.5
2011/7/1,8
2011/7/2,9.5
2011/7/3,6.8
2011/7/4,10
2011/7/5,6.5
2011/7/6,8.3
2011/7/7,10
2011/7/8,10
2011/7/9,6.3
2011/7/10,0.5
2011/7/11,1.3
2011/7/12,3.5
2011/7/13,5.8
2011/7/14,2.3
2011/7/15,1
2011/7/16,1.5
2011/7/17,0
2011/7/18,8
2011/7/19,10
2011/7/20,10
2011/7/21,9
2011/7/22,7
2011/7/23,8
2011/7/24,7.8
2011/7/25,8.8
2011/7/26,7.8
2011/7/27,10
2011/7/28,10
2011/7/29,10
2011/7/30,9.8
2011/7/31,10
2011/8/1,10
2011/8/2,10
2011/8/3,9.8
2011/8/4,8.3
2011/8/5,6
2011/8/6,9.8
2011/8/7,9
2011/8/8,6.8
2011/8/9,5.3
2011/8/10,3
2011/8/11,4.3
2011/8/12,6.3
2011/8/13,5.8
2011/8/14,5.5
2011/8/15,5.5
2011/8/16,5
2011/8/17,5
2011/8/18,6
2011/8/19,10
2011/8/20,10
2011/8/21,10
2011/8/22,10
2011/8/23,9.5
2011/8/24,8.3
2011/8/25,10
2011/8/26,9.5
2011/8/27,8.3
2011/8/28,3.8
2011/8/29,7.5
2011/8/30,7
2011/8/31,10
2011/9/1,9.8
2011/9/2,9.5
2011/9/3,10
2011/9/4,9.8
2011/9/5,10
2011/9/6,9
2011/9/7,3.8
2011/9/8,7
2011/9/9,7.3
2011/9/10,1.3
2011/9/11,8
2011/9/12,5.8
2011/9/13,3.3
2011/9/14,3.3
2011/9/15,1.8
2011/9/16,7.3
2011/9/17,9.3
2011/9/18,3.8
2011/9/19,6.5
2011/9/20,10
2011/9/21,10
2011/9/22,7.3
2011/9/23,10
2011/9/24,6
2011/9/25,8.8
2011/9/26,10
2011/9/27,7.3
2011/9/28,5.8
2011/9/29,3.8
2011/9/30,7.3
2011/10/1,9.8
2011/10/2,10
2011/10/3,9
2011/10/4,5.8
2011/10/5,10
2011/10/6,9
2011/10/7,2.5
2011/10/8,5.3
2011/10/9,7.5
2011/10/10,7.8
2011/10/11,10
2011/10/12,8
2011/10/13,9.8
2011/10/14,5
2011/10/15,10
2011/10/16,7
2011/10/17,9
2011/10/18,8.8
2011/10/19,9.8
2011/10/20,10
2011/10/21,10
2011/10/22,10
2011/10/23,9.5
2011/10/24,9
2011/10/25,7.8
2011/10/26,3.5
2011/10/27,0.3
2011/10/28,0.8
2011/10/29,2
2011/10/30,8.8
2011/10/31,3.5
2011/11/1,1.5
2011/11/2,5.5
2011/11/3,9
2011/11/4,2.5
2011/11/5,6.5
2011/11/6,10
2011/11/7,8.3
2011/11/8,9.5
2011/11/9,9.5
2011/11/10,10
2011/11/11,10
2011/11/12,10
2011/11/13,7
2011/11/14,9
2011/11/15,7.3
2011/11/16,1
2011/11/17,2.5
2011/11/18,7.8
2011/11/19,10
2011/11/20,8
2011/11/21,5.3
2011/11/22,1.3
2011/11/23,7.3
2011/11/24,2
2011/11/25,0
2011/11/26,4.8
2011/11/27,7
2011/11/28,10
2011/11/29,10
2011/11/30,9.8
2011/12/1,10
2011/12/2,10
2011/12/3,10
2011/12/4,3
2011/12/5,2
2011/12/6,10
2011/12/7,8.3
2011/12/8,10
2011/12/9,6.5
2011/12/10,2.3
2011/12/11,0
2011/12/12,1.8
2011/12/13,0.5
2011/12/14,10
2011/12/15,0
2011/12/16,6.8
2011/12/17,0
2011/12/18,4.3
2011/12/19,2.8
2011/12/20,0
2011/12/21,7
2011/12/22,7.5
2011/12/23,4.5
2011/12/24,4.8
2011/12/25,2.8
2011/12/26,1.3
2011/12/27,1.3
2011/12/28,6.8
2011/12/29,3
2011/12/30,0.5
2011/12/31,2
2012/1/1,8
2012/1/2,3.3
2012/1/3,6.8
2012/1/4,2.3
2012/1/5,0
2012/1/6,4.5
2012/1/7,0
2012/1/8,7
2012/1/9,1.8
2012/1/10,7.3
2012/1/11,6.5
2012/1/12,1.8
2012/1/13,0.5
2012/1/14,2.5
2012/1/15,10
2012/1/16,10
2012/1/17,6
2012/1/18,5.3
2012/1/19,9.3
2012/1/20,10
2012/1/21,10
2012/1/22,7.8
2012/1/23,9
2012/1/24,6.8
2012/1/25,1.8
2012/1/26,0.3
2012/1/27,3.3
2012/1/28,5.8
2012/1/29,4.3
2012/1/30,1.8
2012/1/31,0
2012/2/1,2.5
2012/2/2,1
2012/2/3,0
2012/2/4,0
2012/2/5,7.3
2012/2/6,10
2012/2/7,10
2012/2/8,10
2012/2/9,1.8
2012/2/10,4.5
2012/2/11,4.8
2012/2/12,0.5
2012/2/13,9.5
2012/2/14,10
2012/2/15,10
2012/2/16,10
2012/2/17,6.5
2012/2/18,2.8
2012/2/19,3.5
2012/2/20,0.5
2012/2/21,5
2012/2/22,8
2012/2/23,10
2012/2/24,9.5
2012/2/25,10
2012/2/26,10
2012/2/27,8
2012/2/28,9.3
2012/2/29,10
2012/3/1,7.5
2012/3/2,10
2012/3/3,8.3
2012/3/4,10
2012/3/5,10
2012/3/6,7.5
2012/3/7,10
2012/3/8,10
2012/3/9,10
2012/3/10,10
2012/3/11,6
2012/3/12,2.8
2012/3/13,3
2012/3/14,2.5
2012/3/15,0.5
2012/3/16,7.5
2012/3/17,10
2012/3/18,7.5
2012/3/19,5
2012/3/20,6.5
2012/3/21,0
2012/3/22,7.5
2012/3/23,10
2012/3/24,8
2012/3/25,2.3
2012/3/26,2.3
2012/3/27,0.5
2012/3/28,2.3
2012/3/29,2.5
2012/3/30,9
2012/3/31,10
2012/4/1,3.5
2012/4/2,1.5
2012/4/3,5.3
2012/4/4,1.3
2012/4/5,3.8
2012/4/6,6
2012/4/7,5
2012/4/8,3
2012/4/9,2.3
2012/4/10,5.8
2012/4/11,10
2012/4/12,4.3
2012/4/13,10
2012/4/14,10
2012/4/15,6
2012/4/16,7.8
2012/4/17,8.8
2012/4/18,3.8
2012/4/19,10
2012/4/20,10
2012/4/21,8.3
2012/4/22,10
2012/4/23,10
2012/4/24,7.5
2012/4/25,10
2012/4/26,10
2012/4/27,10
2012/4/28,6.5
2012/4/29,7.8
2012/4/30,10
2012/5/1,10
2012/5/2,10
2012/5/3,10
2012/5/4,10
2012/5/5,4.8
2012/5/6,1.8
2012/5/7,3.8
2012/5/8,7.3
2012/5/9,10
2012/5/10,5.3
2012/5/11,4.8
2012/5/12,3.3
2012/5/13,3
2012/5/14,7.3
2012/5/15,10
2012/5/16,8
2012/5/17,9.8
2012/5/18,5
2012/5/19,2.8
2012/5/20,10
2012/5/21,10
2012/5/22,10
2012/5/23,8.8
2012/5/24,8
2012/5/25,10
2012/5/26,9.8
2012/5/27,5.3
2012/5/28,9.3
2012/5/29,7.8
2012/5/30,7
2012/5/31,9.8
2012/6/1,8.8
2012/6/2,6
2012/6/3,8.3
2012/6/4,9.3
2012/6/5,10
2012/6/6,9.5
2012/6/7,8
2012/6/8,5.5
2012/6/9,10
2012/6/10,9.3
2012/6/11,10
2012/6/12,10
2012/6/13,10
2012/6/14,5.3
2012/6/15,9.5
2012/6/16,10
2012/6/17,10
2012/6/18,8.8
2012/6/19,9
2012/6/20,8.8
2012/6/21,10
2012/6/22,9.8
2012/6/23,10
2012/6/24,10
2012/6/25,9.8
2012/6/26,6
2012/6/27,9.8
2012/6/28,10
2012/6/29,5.8
2012/6/30,9
2012/7/1,10
2012/7/2,8
2012/7/3,10
2012/7/4,7.3
2012/7/5,10
2012/7/6,9.3
2012/7/7,10
2012/7/8,10
2012/7/9,4.3
2012/7/10,3.8
2012/7/11,7.5
2012/7/12,10
2012/7/13,10
2012/7/14,9.5
2012/7/15,9.5
2012/7/16,9.8
2012/7/17,3
2012/7/18,8
2012/7/19,8.5
2012/7/20,10
2012/7/21,10
2012/7/22,10
2012/7/23,9.5
2012/7/24,10
2012/7/25,8.8
2012/7/26,7.5
2012/7/27,7
2012/7/28,6.8
2012/7/29,9.3
2012/7/30,6
2012/7/31,4.8
2012/8/1,7.3
2012/8/2,2.5
2012/8/3,6.5
2012/8/4,8.8
2012/8/5,6.3
2012/8/6,10
2012/8/7,4.3
2012/8/8,8.3
2012/8/9,6.8
2012/8/10,9.8
2012/8/11,10
2012/8/12,7
2012/8/13,7
2012/8/14,8.8
2012/8/15,9.8
2012/8/16,6.3
2012/8/17,9
2012/8/18,9.5
2012/8/19,3.5
2012/8/20,3
2012/8/21,2
2012/8/22,2
2012/8/23,3.5
2012/8/24,2.3
2012/8/25,4.3
2012/8/26,5
2012/8/27,2
2012/8/28,7.8
2012/8/29,10
2012/8/30,7
2012/8/31,5.8
2012/9/1,8.3
2012/9/2,9.8
2012/9/3,10
2012/9/4,9.5
2012/9/5,8.3
2012/9/6,10
2012/9/7,6.8
2012/9/8,6.8
2012/9/9,6
2012/9/10,6.3
2012/9/11,4.8
2012/9/12,7.3
2012/9/13,6
2012/9/14,3.5
2012/9/15,8
2012/9/16,8.5
2012/9/17,7.5
2012/9/18,8.5
2012/9/19,10
2012/9/20,5.8
2012/9/21,10
2012/9/22,9.3
2012/9/23,10
2012/9/24,7.5
2012/9/25,9.8
2012/9/26,10
2012/9/27,10
2012/9/28,9
2012/9/29,5.5
2012/9/30,9.8
2012/10/1,3.8
2012/10/2,9.8
2012/10/3,10
2012/10/4,7.8
2012/10/5,7.5
2012/10/6,8.8
2012/10/7,8
2012/10/8,7.5
2012/10/9,8.3
2012/10/10,9.8
2012/10/11,9
2012/10/12,7.8
2012/10/13,6
2012/10/14,8.5
2012/10/15,6
2012/10/16,2.8
2012/10/17,8
2012/10/18,10
2012/10/19,3.8
2012/10/20,3.3
2012/10/21,0
2012/10/22,3.5
2012/10/23,9.8
2012/10/24,3.3
2012/10/25,10
2012/10/26,4.5
2012/10/27,8.3
2012/10/28,10
2012/10/29,3.3
2012/10/30,7.5
2012/10/31,5
2012/11/1,0.8
2012/11/2,1.3
2012/11/3,5.8
2012/11/4,3
2012/11/5,10
2012/11/6,10
2012/11/7,3.8
2012/11/8,4.5
2012/11/9,8
2012/11/10,0
2012/11/11,9.8
2012/11/12,7.5
2012/11/13,4.8
2012/11/14,1.3
2012/11/15,5.8
2012/11/16,0
2012/11/17,10
2012/11/18,2.3
2012/11/19,7.5
2012/11/20,2.5
2012/11/21,5
2012/11/22,8
2012/11/23,9.8
2012/11/24,9
2012/11/25,5
2012/11/26,10
2012/11/27,3
2012/11/28,9.5
2012/11/29,5.8
2012/11/30,10
2012/12/1,3.3
2012/12/2,6.3
2012/12/3,10
2012/12/4,7.8
2012/12/5,5
2012/12/6,1.5
2012/12/7,1
2012/12/8,1
2012/12/9,1.5
2012/12/10,0.3
2012/12/11,0.3
2012/12/12,0
2012/12/13,0
2012/12/14,6.8
2012/12/15,10
2012/12/16,2.5
2012/12/17,10
2012/12/18,9.3
2012/12/19,4.8
2012/12/20,0.8
2012/12/21,7
2012/12/22,9.3
2012/12/23,7.3
2012/12/24,2.3
2012/12/25,1.3
2012/12/26,0.8
2012/12/27,1.8
2012/12/28,7.5
2012/12/29,9.3
2012/12/30,10
2012/12/31,7
2013/1/1,2.5
2013/1/2,0
2013/1/3,5.5
2013/1/4,0.3
2013/1/5,6.8
2013/1/6,6.3
2013/1/7,4.8
2013/1/8,3.8
2013/1/9,7.3
2013/1/10,3.8
2013/1/11,0.8
2013/1/12,4.5
2013/1/13,4.3
2013/1/14,10
2013/1/15,3.5
2013/1/16,6.5
2013/1/17,5.5
2013/1/18,0
2013/1/19,0.3
2013/1/20,2.5
2013/1/21,8
2013/1/22,6.8
2013/1/23,7.5
2013/1/24,6
2013/1/25,1.8
2013/1/26,1.8
2013/1/27,0.5
2013/1/28,4
2013/1/29,1.8
2013/1/30,0.5
2013/1/31,2.8
2013/2/1,7
2013/2/2,6.8
2013/2/3,5.3
2013/2/4,6.3
2013/2/5,7.3
2013/2/6,8.3
2013/2/7,9.8
2013/2/8,6.5
2013/2/9,9.5
2013/2/10,2.5
2013/2/11,0.8
2013/2/12,7.5
2013/2/13,2.5
2013/2/14,9.8
2013/2/15,10
2013/2/16,0.8
2013/2/17,5
2013/2/18,9.3
2013/2/19,10
2013/2/20,4.5
2013/2/21,3.5
2013/2/22,6.3
2013/2/23,3
2013/2/24,0
2013/2/25,0.3
2013/2/26,2.5
2013/2/27,7.5
2013/2/28,5
2013/3/1,10
2013/3/2,2.8
2013/3/3,7.3
2013/3/4,9.5
2013/3/5,2
2013/3/6,0
2013/3/7,5.5
2013/3/8,4.8
2013/3/9,0
2013/3/10,5.3
2013/3/11,2.5
2013/3/12,2
2013/3/13,9.3
2013/3/14,8
2013/3/15,5.5
2013/3/16,0
2013/3/17,3.5
2013/3/18,10
2013/3/19,6
2013/3/20,9.5
2013/3/21,0.8
2013/3/22,7.3
2013/3/23,7
2013/3/24,10
2013/3/25,10
2013/3/26,9.8
2013/3/27,10
2013/3/28,10
2013/3/29,9.8
2013/3/30,10
2013/3/31,10
2013/4/1,8
2013/4/2,10
2013/4/3,7.5
2013/4/4,5.8
2013/4/5,7
2013/4/6,9.5
2013/4/7,4.8
2013/4/8,0
2013/4/9,3
2013/4/10,8
2013/4/11,4.8
2013/4/12,2.3
2013/4/13,0.5
2013/4/14,8
2013/4/15,5
2013/4/16,4
2013/4/17,8
2013/4/18,0.3
2013/4/19,10
2013/4/20,10
2013/4/21,10
2013/4/22,3.5
2013/4/23,5.5
2013/4/24,10
2013/4/25,10
2013/4/26,5.5
2013/4/27,0.8
2013/4/28,0
2013/4/29,4.8
2013/4/30,10
2013/5/1,10
2013/5/2,9.8
2013/5/3,3.5
2013/5/4,2.3
2013/5/5,2
2013/5/6,2.3
2013/5/7,0.5
2013/5/8,0
2013/5/9,0
2013/5/10,7.5
2013/5/11,9.5
2013/5/12,8.5
2013/5/13,9.5
2013/5/14,0.3
2013/5/15,6
2013/5/16,9
2013/5/17,0.8
2013/5/18,8
2013/5/19,10
2013/5/20,10
2013/5/21,8.3
2013/5/22,1.8
2013/5/23,3.3
2013/5/24,0.5
2013/5/25,10
2013/5/26,8
2013/5/27,7.8
2013/5/28,10
2013/5/29,10
2013/5/30,10
2013/5/31,6
2013/6/1,6.8
2013/6/2,7.8
2013/6/3,6.8
2013/6/4,0.3
2013/6/5,5.8
2013/6/6,10
2013/6/7,9.3
2013/6/8,7
2013/6/9,5.8
2013/6/10,10
2013/6/11,10
2013/6/12,10
2013/6/13,10
2013/6/14,10
2013/6/15,10
2013/6/16,10
2013/6/17,9.5
2013/6/18,10
2013/6/19,10
2013/6/20,10
2013/6/21,10
2013/6/22,8
2013/6/23,9
2013/6/24,10
2013/6/25,9.8
2013/6/26,10
2013/6/27,8.3
2013/6/28,9.8
2013/6/29,8.3
2013/6/30,9.8
2013/7/1,9.8
2013/7/2,7.5
2013/7/3,10
2013/7/4,10
2013/7/5,10
2013/7/6,9.5
2013/7/7,5.3
2013/7/8,4.3
2013/7/9,1
2013/7/10,7.3
2013/7/11,8
2013/7/12,9
2013/7/13,10
2013/7/14,10
2013/7/15,10
2013/7/16,9.8
2013/7/17,10
2013/7/18,7.8
2013/7/19,6.8
2013/7/20,9.3
2013/7/21,10
2013/7/22,10
2013/7/23,7.8
2013/7/24,10
2013/7/25,10
2013/7/26,10
2013/7/27,8
2013/7/28,9.5
2013/7/29,10
2013/7/30,10
2013/7/31,10
2013/8/1,8.8
2013/8/2,10
2013/8/3,7.8
2013/8/4,9.5
2013/8/5,6.5
2013/8/6,9.8
2013/8/7,3.5
2013/8/8,5.3
2013/8/9,7.5
2013/8/10,4.5
2013/8/11,6.5
2013/8/12,6
2013/8/13,9.3
2013/8/14,5
2013/8/15,2.8
2013/8/16,5.5
2013/8/17,9
2013/8/18,3.3
2013/8/19,1.8
2013/8/20,5
2013/8/21,9.8
2013/8/22,9.3
2013/8/23,10
2013/8/24,10
2013/8/25,9.3
2013/8/26,7.3
2013/8/27,6.5
2013/8/28,4
2013/8/29,6.5
2013/8/30,9.8
2013/8/31,2.5
2013/9/1,4.3
2013/9/2,8.8
2013/9/3,4
2013/9/4,10
2013/9/5,9.5
2013/9/6,10
2013/9/7,10
2013/9/8,10
2013/9/9,7.5
2013/9/10,9.5
2013/9/11,10
2013/9/12,4.8
2013/9/13,6.8
2013/9/14,10
2013/9/15,9.8
2013/9/16,7.5
2013/9/17,1.3
2013/9/18,1.3
2013/9/19,0
2013/9/20,1.3
2013/9/21,2.5
2013/9/22,7.8
2013/9/23,9.5
2013/9/24,10
2013/9/25,10
2013/9/26,8.5
2013/9/27,0.5
2013/9/28,5.5
2013/9/29,5.5
2013/9/30,7.5
2013/10/1,10
2013/10/2,10
2013/10/3,6.5
2013/10/4,10
2013/10/5,10
2013/10/6,10
2013/10/7,7.5
2013/10/8,8.5
2013/10/9,7.3
2013/10/10,7.5
2013/10/11,7
2013/10/12,3.5
2013/10/13,0
2013/10/14,3.5
2013/10/15,10
2013/10/16,9.3
2013/10/17,9
2013/10/18,10
2013/10/19,10
2013/10/20,10
2013/10/21,8.8
2013/10/22,10
2013/10/23,10
2013/10/24,10
2013/10/25,10
2013/10/26,10
2013/10/27,2
2013/10/28,4.3
2013/10/29,10
2013/10/30,6.3
2013/10/31,4.3
2013/11/1,2.8
2013/11/2,7.5
2013/11/3,10
2013/11/4,9
2013/11/5,0.5
2013/11/6,4.5
2013/11/7,7.8
2013/11/8,3.8
2013/11/9,7.8
2013/11/10,9.3
2013/11/11,7.5
2013/11/12,8.3
2013/11/13,4.3
2013/11/14,5.5
2013/11/15,9
2013/11/16,0
2013/11/17,4.8
2013/11/18,2
2013/11/19,1
2013/11/20,0
2013/11/21,0
2013/11/22,1
2013/11/23,2.3
2013/11/24,5
2013/11/25,9.8
2013/11/26,1
2013/11/27,7
2013/11/28,9
2013/11/29,0.5
2013/11/30,1.3
2013/12/1,0
2013/12/2,0
2013/12/3,2.3
2013/12/4,7.5
2013/12/5,1.5
2013/12/6,3.3
2013/12/7,4
2013/12/8,8
2013/12/9,8.3
2013/12/10,7.5
2013/12/11,5
2013/12/12,1.5
2013/12/13,2.3
2013/12/14,0
2013/12/15,0
2013/12/16,6.8
2013/12/17,10
2013/12/18,10
2013/12/19,10
2013/12/20,7.8
2013/12/21,1.3
2013/12/22,0
2013/12/23,7.5
2013/12/24,4
2013/12/25,0.5
2013/12/26,10
2013/12/27,10
2013/12/28,0.5
2013/12/29,0
2013/12/30,2.5
2013/12/31,0
2014/1/1,0
2014/1/2,0.8
2014/1/3,9.3
2014/1/4,7.5
2014/1/5,7.8
2014/1/6,1
2014/1/7,3.5
2014/1/8,9.5
2014/1/9,9.8
2014/1/10,2.8
2014/1/11,2.5
2014/1/12,5
2014/1/13,1
2014/1/14,7
2014/1/15,7.5
2014/1/16,0
2014/1/17,5.5
2014/1/18,7
2014/1/19,2.5
2014/1/20,5.3
2014/1/21,5.5
2014/1/22,4
2014/1/23,0.5
2014/1/24,5.3
2014/1/25,9
2014/1/26,5.3
2014/1/27,2.5
2014/1/28,2.8
2014/1/29,2
2014/1/30,8
2014/1/31,0
2014/2/1,6.3
2014/2/2,7.5
2014/2/3,8
2014/2/4,8.5
2014/2/5,0.8
2014/2/6,8
2014/2/7,8
2014/2/8,10
2014/2/9,7.5
2014/2/10,9.8
2014/2/11,10
2014/2/12,7.5
2014/2/13,8
2014/2/14,10
2014/2/15,9.8
2014/2/16,5
2014/2/17,1
2014/2/18,7.5
2014/2/19,10
2014/2/20,10
2014/2/21,2
2014/2/22,3.5
2014/2/23,8
2014/2/24,9.3
2014/2/25,0
2014/2/26,1
2014/2/27,10
2014/2/28,9.5
2014/3/1,10
2014/3/2,10
2014/3/3,7
2014/3/4,7.3
2014/3/5,7.8
2014/3/6,3.3
2014/3/7,7.3
2014/3/8,2.5
2014/3/9,4.8
2014/3/10,4
2014/3/11,0
2014/3/12,4.3
2014/3/13,9.3
2014/3/14,8.8
2014/3/15,4.3
2014/3/16,0.3
2014/3/17,0.3
2014/3/18,3.5
2014/3/19,7.3
2014/3/20,10
2014/3/21,4.5
2014/3/22,2.8
2014/3/23,1.5
2014/3/24,2.5
2014/3/25,2.8
2014/3/26,10
2014/3/27,8.8
2014/3/28,0.3
2014/3/29,10
2014/3/30,10
2014/3/31,8.8
2014/4/1,5.8
2014/4/2,8.8
2014/4/3,10
2014/4/4,6.3
2014/4/5,5.3
2014/4/6,7
2014/4/7,2.8
2014/4/8,0
2014/4/9,4
2014/4/10,1
2014/4/11,0.5
2014/4/12,4.8
2014/4/13,8.3
2014/4/14,5
2014/4/15,0
2014/4/16,7.5
2014/4/17,5
2014/4/18,10
2014/4/19,8.8
2014/4/20,10
2014/4/21,10
2014/4/22,9.8
2014/4/23,5
2014/4/24,1.3
2014/4/25,4.3
2014/4/26,0
2014/4/27,0
2014/4/28,9.3
2014/4/29,10
2014/4/30,10
2014/5/1,7.8
2014/5/2,4
2014/5/3,6.8
2014/5/4,5.8
2014/5/5,10
2014/5/6,10
2014/5/7,2
2014/5/8,9.3
2014/5/9,3.3
2014/5/10,3
2014/5/11,4.3
2014/5/12,8.5
2014/5/13,8.3
2014/5/14,7.8
2014/5/15,9.5
2014/5/16,5.5
2014/5/17,6
2014/5/18,5
2014/5/19,5.8
2014/5/20,8
2014/5/21,7.8
2014/5/22,5.3
2014/5/23,9
2014/5/24,6
2014/5/25,7.5
2014/5/26,8.8
2014/5/27,10
2014/5/28,10
2014/5/29,4.8
2014/5/30,6
2014/5/31,0.3
2014/6/1,0
2014/6/2,5.8
2014/6/3,10
2014/6/4,8.8
2014/6/5,10
2014/6/6,10
2014/6/7,10
2014/6/8,10
2014/6/9,8.5
2014/6/10,10
2014/6/11,10
2014/6/12,8.8
2014/6/13,3.8
2014/6/14,1.8
2014/6/15,4.5
2014/6/16,8.8
2014/6/17,10
2014/6/18,10
2014/6/19,4
2014/6/20,9
2014/6/21,10
2014/6/22,10
2014/6/23,10
2014/6/24,9.3
2014/6/25,9.8
2014/6/26,10
2014/6/27,9.3
2014/6/28,10
2014/6/29,9
2014/6/30,10
2014/7/1,8.5
2014/7/2,5.8
2014/7/3,10
2014/7/4,10
2014/7/5,8.3
2014/7/6,8.5
2014/7/7,10
2014/7/8,6.8
2014/7/9,10
2014/7/10,10
2014/7/11,8.8
2014/7/12,9
2014/7/13,8.8
2014/7/14,10
2014/7/15,5.5
2014/7/16,4.5
2014/7/17,10
2014/7/18,10
2014/7/19,10
2014/7/20,10
2014/7/21,9.3
2014/7/22,10
2014/7/23,7.8
2014/7/24,7.8
2014/7/25,2.5
2014/7/26,2.3
2014/7/27,5
2014/7/28,3.3
2014/7/29,3.5
2014/7/30,5.3
2014/7/31,3.8
2014/8/1,6.8
2014/8/2,7
2014/8/3,4.5
2014/8/4,8.5
2014/8/5,1
2014/8/6,0
2014/8/7,3.5
2014/8/8,9
2014/8/9,10
2014/8/10,10
2014/8/11,8.3
2014/8/12,8.5
2014/8/13,9.5
2014/8/14,10
2014/8/15,7.5
2014/8/16,9
2014/8/17,9
2014/8/18,5.8
2014/8/19,1.8
2014/8/20,4.3
2014/8/21,6.3
2014/8/22,5.8
2014/8/23,9.3
2014/8/24,9.5
2014/8/25,10
2014/8/26,10
2014/8/27,10
2014/8/28,10
2014/8/29,10
2014/8/30,8.5
2014/8/31,9.5
2014/9/1,10
2014/9/2,3.8
2014/9/3,9.5
2014/9/4,7.8
2014/9/5,7.8
2014/9/6,10
2014/9/7,10
2014/9/8,7.5
2014/9/9,8
2014/9/10,10
2014/9/11,10
2014/9/12,6
2014/9/13,7.8
2014/9/14,3.8
2014/9/15,10
2014/9/16,8.5
2014/9/17,10
2014/9/18,10
2014/9/19,9.8
2014/9/20,10
2014/9/21,6.8
2014/9/22,7.3
2014/9/23,5.8
2014/9/24,9.5
2014/9/25,10
2014/9/26,7.5
2014/9/27,7
2014/9/28,3.5
2014/9/29,0.3
2014/9/30,4.8
2014/10/1,9.8
2014/10/2,10
2014/10/3,7.5
2014/10/4,10
2014/10/5,10
2014/10/6,9
2014/10/7,8.8
2014/10/8,8.3
2014/10/9,9.5
2014/10/10,8
2014/10/11,7.8
2014/10/12,9.8
2014/10/13,10
2014/10/14,5
2014/10/15,9.5
2014/10/16,8.8
2014/10/17,0.8
2014/10/18,4
2014/10/19,0.5
2014/10/20,9
2014/10/21,10
2014/10/22,10
2014/10/23,10
2014/10/24,6
2014/10/25,3
2014/10/26,9
2014/10/27,8.8
2014/10/28,4
2014/10/29,0
2014/10/30,2.5
2014/10/31,10
2014/11/1,10
2014/11/2,9
2014/11/3,6.5
2014/11/4,3.3
2014/11/5,10
2014/11/6,10
2014/11/7,4.5
2014/11/8,8
2014/11/9,10
2014/11/10,5.3
2014/11/11,10
2014/11/12,7.5
2014/11/13,0
2014/11/14,0
2014/11/15,0
2014/11/16,4.3
2014/11/17,9.3
2014/11/18,4
2014/11/19,0.8
2014/11/20,10
2014/11/21,6
2014/11/22,4.5
2014/11/23,2
2014/11/24,7.5
2014/11/25,10
2014/11/26,10
2014/11/27,2.5
2014/11/28,9
2014/11/29,7
2014/11/30,4.8
2014/12/1,9
2014/12/2,0
2014/12/3,0
2014/12/4,9.3
2014/12/5,3.8
2014/12/6,4.8
2014/12/7,2.3
2014/12/8,3.3
2014/12/9,0.8
2014/12/10,7.5
2014/12/11,10
2014/12/12,10
2014/12/13,1.3
2014/12/14,1.3
2014/12/15,5
2014/12/16,9.5
2014/12/17,0.8
2014/12/18,0.3
2014/12/19,0
2014/12/20,10
2014/12/21,7
2014/12/22,1.5
2014/12/23,1.3
2014/12/24,2.8
2014/12/25,6.8
2014/12/26,0.8
2014/12/27,0
2014/12/28,7.3
2014/12/29,10
2014/12/30,1
2014/12/31,2.3
2015/1/1,3.8
2015/1/2,5
2015/1/3,0
2015/1/4,5.3
2015/1/5,2.5
2015/1/6,8
2015/1/7,4.8
2015/1/8,0
2015/1/9,0
2015/1/10,0
2015/1/11,0.8
2015/1/12,0
2015/1/13,0.5
2015/1/14,5
2015/1/15,10
2015/1/16,6.8
2015/1/17,2.8
2015/1/18,1.5
2015/1/19,1.8
2015/1/20,0
2015/1/21,10
2015/1/22,10
2015/1/23,5
2015/1/24,5
2015/1/25,5
2015/1/26,10
2015/1/27,9.8
2015/1/28,7
2015/1/29,5
2015/1/30,10
2015/1/31,0.8
2015/2/1,0
2015/2/2,1.3
2015/2/3,2.3
2015/2/4,8.3
2015/2/5,10
2015/2/6,0.3
2015/2/7,7.5
2015/2/8,5
2015/2/9,7.3
2015/2/10,0
2015/2/11,3
2015/2/12,2.5
2015/2/13,5.8
2015/2/14,0.3
2015/2/15,0
2015/2/16,6.8
2015/2/17,10
2015/2/18,10
2015/2/19,4.8
2015/2/20,2
2015/2/21,4.5
2015/2/22,10
2015/2/23,9.8
2015/2/24,10
2015/2/25,10
2015/2/26,10
2015/2/27,3.8
2015/2/28,5.5
2015/3/1,10
2015/3/2,0
2015/3/3,10
2015/3/4,9.3
2015/3/5,7
2015/3/6,10
2015/3/7,10
2015/3/8,10
2015/3/9,10
2015/3/10,8
2015/3/11,1
2015/3/12,3.5
2015/3/13,0.8
2015/3/14,6.3
2015/3/15,9
2015/3/16,10
2015/3/17,3.3
2015/3/18,9.3
2015/3/19,10
2015/3/20,9
2015/3/21,9.8
2015/3/22,5
2015/3/23,6
2015/3/24,1.3
2015/3/25,0
2015/3/26,0
2015/3/27,0
2015/3/28,4.5
2015/3/29,7
2015/3/30,0.3
2015/3/31,2
2015/4/1,9.5
2015/4/2,6
2015/4/3,9.3
2015/4/4,10
2015/4/5,10
2015/4/6,8.3
2015/4/7,10
2015/4/8,10
2015/4/9,8
2015/4/10,10
2015/4/11,10
2015/4/12,7
2015/4/13,10
2015/4/14,10
2015/4/15,6.5
2015/4/16,5.3
2015/4/17,7.3
2015/4/18,6.3
2015/4/19,9.5
2015/4/20,10
2015/4/21,10
2015/4/22,9.5
2015/4/23,5.3
2015/4/24,10
2015/4/25,6.5
2015/4/26,3
2015/4/27,0
2015/4/28,5.5
2015/4/29,7.8
2015/4/30,5
2015/5/1,0.3
2015/5/2,1
2015/5/3,9.8
2015/5/4,8
2015/5/5,5.3
2015/5/6,6.5
2015/5/7,6.8
2015/5/8,4.8
2015/5/9,10
2015/5/10,5.8
2015/5/11,6.5
2015/5/12,10
2015/5/13,2.3
2015/5/14,6.3
2015/5/15,6
2015/5/16,10
2015/5/17,10
2015/5/18,10
2015/5/19,10
2015/5/20,9
2015/5/21,3.5
2015/5/22,6.3
2015/5/23,9.5
2015/5/24,10
2015/5/25,9.3
2015/5/26,1
2015/5/27,2.5
2015/5/28,10
2015/5/29,10
2015/5/30,7.8
2015/5/31,6.5
2015/6/1,8
2015/6/2,7.8
2015/6/3,10
2015/6/4,4.3
2015/6/5,10
2015/6/6,10
2015/6/7,7.5
2015/6/8,9.3
2015/6/9,10
2015/6/10,9.5
2015/6/11,10
2015/6/12,10
2015/6/13,9.8
2015/6/14,10
2015/6/15,9.8
2015/6/16,9.8
2015/6/17,9.5
2015/6/18,10
2015/6/19,10
2015/6/20,10
2015/6/21,8
2015/6/22,9.8
2015/6/23,9
2015/6/24,2.8
2015/6/25,6.3
2015/6/26,9.5
2015/6/27,10
2015/6/28,8.5
2015/6/29,8.8
2015/6/30,10
2015/7/1,10
2015/7/2,9.8
2015/7/3,10
2015/7/4,10
2015/7/5,10
2015/7/6,10
2015/7/7,10
2015/7/8,10
2015/7/9,10
2015/7/10,5.8
2015/7/11,2
2015/7/12,5.8
2015/7/13,9.5
2015/7/14,1.8
2015/7/15,5.5
2015/7/16,10
2015/7/17,10
2015/7/18,9.3
2015/7/19,6.5
2015/7/20,8
2015/7/21,1.5
2015/7/22,1.8
2015/7/23,9.5
2015/7/24,9
2015/7/25,7
2015/7/26,5
2015/7/27,2.5
2015/7/28,9
2015/7/29,10
2015/7/30,10
2015/7/31,3
2015/8/1,3
2015/8/2,3.5
2015/8/3,2
2015/8/4,2.3
2015/8/5,0.3
2015/8/6,2
2015/8/7,6
2015/8/8,9.3
2015/8/9,7.8
2015/8/10,8.5
2015/8/11,7.5
2015/8/12,10
2015/8/13,9
2015/8/14,9.8
2015/8/15,5.3
2015/8/16,8.3
2015/8/17,9.3
2015/8/18,9.5
2015/8/19,10
2015/8/20,10
2015/8/21,10
2015/8/22,7.3
2015/8/23,7.8
2015/8/24,9.8
2015/8/25,10
2015/8/26,10
2015/8/27,10
2015/8/28,10
2015/8/29,10
2015/8/30,10
2015/8/31,10
2015/9/1,10
2015/9/2,7.8
2015/9/3,9.8
2015/9/4,7.3
2015/9/5,10
2015/9/6,10
2015/9/7,10
2015/9/8,10
2015/9/9,10
2015/9/10,10
2015/9/11,3.8
2015/9/12,2.8
2015/9/13,6.3
2015/9/14,8.5
2015/9/15,9.5
2015/9/16,10
2015/9/17,10
2015/9/18,10
2015/9/19,8.5
2015/9/20,6.5
2015/9/21,7.3
2015/9/22,7.3
2015/9/23,6.8
2015/9/24,8
2015/9/25,10
2015/9/26,10
2015/9/27,9.8
2015/9/28,6
2015/9/29,9.3
2015/9/30,4.5
2015/10/1,10
2015/10/2,7.5
2015/10/3,5.8
2015/10/4,7.5
2015/10/5,10
2015/10/6,5.8
2015/10/7,1.5
2015/10/8,0
2015/10/9,2.8
2015/10/10,8
2015/10/11,10
2015/10/12,4
2015/10/13,3
2015/10/14,7.3
2015/10/15,6
2015/10/16,10
2015/10/17,10
2015/10/18,5.8
2015/10/19,0
2015/10/20,10
2015/10/21,10
2015/10/22,4.8
2015/10/23,10
2015/10/24,4
2015/10/25,0
