2005/10/26,曇後雨
2005/10/27,雨後晴
2005/10/28,晴
2005/10/29,曇時々雨
2005/10/30,曇
2005/10/31,曇後晴
2005/11/1,快晴
2005/11/2,晴
2005/11/3,曇
2005/11/4,晴
2005/11/5,快晴
2005/11/6,曇後雨
2005/11/7,晴
2005/11/8,快晴
2005/11/9,快晴
2005/11/10,晴一時曇
2005/11/11,曇
2005/11/12,晴一時雨
2005/11/13,晴後一時曇
2005/11/14,曇
2005/11/15,曇一時雨
2005/11/16,晴
2005/11/17,晴一時薄曇
2005/11/18,晴後一時薄曇
2005/11/19,晴一時薄曇
2005/11/20,晴一時曇
2005/11/21,晴一時曇
2005/11/22,快晴
2005/11/23,晴後薄曇
2005/11/24,晴
2005/11/25,晴一時曇
2005/11/26,薄曇一時晴
2005/11/27,快晴
2005/11/28,晴後曇
2005/11/29,曇後晴
2005/11/30,晴後一時薄曇
2005/12/1,晴一時曇
2005/12/2,薄曇
2005/12/3,晴時々曇
2005/12/4,曇後雨
2005/12/5,晴
2005/12/6,曇後晴
2005/12/7,晴一時曇
2005/12/8,晴一時曇
2005/12/9,快晴
2005/12/10,晴
2005/12/11,曇一時晴
2005/12/12,晴一時曇
2005/12/13,晴後一時曇
2005/12/14,晴
2005/12/15,晴一時曇
2005/12/16,快晴
2005/12/17,快晴
2005/12/18,快晴
2005/12/19,快晴
2005/12/20,快晴
2005/12/21,曇後晴
2005/12/22,晴一時曇
2005/12/23,快晴
2005/12/24,晴一時曇
2005/12/25,晴一時曇
2005/12/26,晴
2005/12/27,快晴
2005/12/28,快晴
2005/12/29,快晴
2005/12/30,晴
2005/12/31,晴後一時薄曇
2006/1/1,曇
2006/1/2,雨時々曇
2006/1/3,晴
2006/1/4,曇
2006/1/5,曇後晴
2006/1/6,曇
2006/1/7,晴
2006/1/8,快晴
2006/1/9,晴一時曇
2006/1/10,曇後晴
2006/1/11,快晴
2006/1/12,快晴
2006/1/13,曇後一時雨
2006/1/14,曇後大雨、雷を伴う
2006/1/15,晴後曇
2006/1/16,曇
2006/1/17,曇時々晴
2006/1/18,曇後一時晴
2006/1/19,晴一時薄曇
2006/1/20,薄曇
2006/1/21,雪
2006/1/22,晴後一時曇
2006/1/23,晴
2006/1/24,晴
2006/1/25,晴一時薄曇
2006/1/26,快晴
2006/1/27,快晴
2006/1/28,快晴
2006/1/29,快晴
2006/1/30,晴
2006/1/31,曇後雨
2006/2/1,大雨
2006/2/2,曇一時晴
2006/2/3,晴一時薄曇
2006/2/4,快晴
2006/2/5,快晴
2006/2/6,曇
2006/2/7,曇一時雨
2006/2/8,晴後曇
2006/2/9,晴
2006/2/10,快晴
2006/2/11,快晴
2006/2/12,晴
2006/2/13,晴
2006/2/14,晴一時薄曇
2006/2/15,晴
2006/2/16,霧雨時々雨
2006/2/17,曇
2006/2/18,晴後曇
2006/2/19,曇
2006/2/20,雨一時曇
2006/2/21,曇
2006/2/22,曇後晴
2006/2/23,曇一時晴
2006/2/24,曇後時々雨
2006/2/25,晴後曇
2006/2/26,雨
2006/2/27,曇
2006/2/28,曇
2006/3/1,雨
2006/3/2,曇後一時雨
2006/3/3,曇後一時雨
2006/3/4,快晴
2006/3/5,快晴
2006/3/6,曇
2006/3/7,曇後一時晴
2006/3/8,快晴
2006/3/9,曇
2006/3/10,雨
2006/3/11,晴
2006/3/12,曇一時晴
2006/3/13,曇時々晴後一時雪
2006/3/14,晴後曇
2006/3/15,快晴
2006/3/16,晴後曇一時雨
2006/3/17,曇後晴
2006/3/18,晴後曇一時雨
2006/3/19,曇一時雨後晴
2006/3/20,快晴
2006/3/21,晴
2006/3/22,晴後曇
2006/3/23,雨後薄曇
2006/3/24,曇
2006/3/25,晴
2006/3/26,曇
2006/3/27,晴
2006/3/28,曇後晴
2006/3/29,晴時々薄曇
2006/3/30,晴後曇
2006/3/31,晴
2006/4/1,快晴
2006/4/2,曇後一時雨
2006/4/3,快晴
2006/4/4,晴後薄曇
2006/4/5,雨
2006/4/6,晴後一時薄曇
2006/4/7,曇
2006/4/8,晴時々曇後一時雨
2006/4/9,晴
2006/4/10,曇後雨
2006/4/11,曇後雨一時霧
2006/4/12,雨後曇
2006/4/13,曇
2006/4/14,曇
2006/4/15,薄曇一時晴
2006/4/16,雨後曇
2006/4/17,晴後一時曇
2006/4/18,快晴
2006/4/19,曇後時々晴
2006/4/20,曇時々雨後晴
2006/4/21,晴時々曇
2006/4/22,薄曇一時晴
2006/4/23,曇時々雨
2006/4/24,曇後晴
2006/4/25,曇一時雨後晴、雷を伴う
2006/4/26,曇
2006/4/27,雨後時々曇
2006/4/28,晴後薄曇
2006/4/29,曇後一時雨
2006/4/30,晴後薄曇
2006/5/1,快晴
2006/5/2,曇時々雨、雷を伴う
2006/5/3,快晴
2006/5/4,晴
2006/5/5,晴一時薄曇
2006/5/6,薄曇
2006/5/7,雨
2006/5/8,曇一時霧雨後雨
2006/5/9,曇一時霧雨
2006/5/10,霧雨後曇
2006/5/11,雨時々曇
2006/5/12,曇一時晴
2006/5/13,雨
2006/5/14,曇一時雨
2006/5/15,薄曇
2006/5/16,曇時々雨
2006/5/17,曇後雨
2006/5/18,雨後一時曇
2006/5/19,雨後時々曇
2006/5/20,晴後一時雨
2006/5/21,快晴
2006/5/22,曇後一時晴
2006/5/23,曇後一時雨
2006/5/24,薄曇後一時雨、雷を伴う
2006/5/25,快晴
2006/5/26,曇
2006/5/27,雨
2006/5/28,雨一時曇後晴
2006/5/29,曇一時晴
2006/5/30,曇後時々晴、雷を伴う
2006/5/31,晴
2006/6/1,晴
2006/6/2,曇
2006/6/3,曇
2006/6/4,曇後一時晴
2006/6/5,曇
2006/6/6,曇
2006/6/7,曇一時雨後晴
2006/6/8,曇後一時雨
2006/6/9,雨後一時曇
2006/6/10,曇一時晴
2006/6/11,雨
2006/6/12,曇
2006/6/13,曇
2006/6/14,曇後一時晴
2006/6/15,曇後雨
2006/6/16,大雨後曇
2006/6/17,曇
2006/6/18,雨一時曇
2006/6/19,曇後晴
2006/6/20,薄曇
2006/6/21,曇一時雨
2006/6/22,曇一時雨
2006/6/23,曇
2006/6/24,晴
2006/6/25,曇後一時雨
2006/6/26,雨後曇
2006/6/27,曇一時雨後晴
2006/6/28,曇後一時晴
2006/6/29,晴
2006/6/30,曇
2006/7/1,曇後雨
2006/7/2,曇後一時雨
2006/7/3,曇後一時雨、雷を伴う
2006/7/4,晴後曇一時雨
2006/7/5,雨
2006/7/6,曇
2006/7/7,曇
2006/7/8,曇
2006/7/9,曇一時雨
2006/7/10,曇
2006/7/11,曇後一時雨
2006/7/12,曇
2006/7/13,曇後一時雨
2006/7/14,晴後一時曇
2006/7/15,曇後一時雨、雷を伴う
2006/7/16,曇一時雨
2006/7/17,雨時々曇
2006/7/18,雨
2006/7/19,雨
2006/7/20,曇
2006/7/21,雨後時々曇
2006/7/22,曇
2006/7/23,曇一時雨
2006/7/24,雨後一時曇
2006/7/25,雨後曇
2006/7/26,晴一時曇
2006/7/27,曇一時晴
2006/7/28,曇
2006/7/29,晴後時々曇一時雨
2006/7/30,晴
2006/7/31,曇後晴
2006/8/1,曇
2006/8/2,曇後晴
2006/8/3,快晴
2006/8/4,快晴
2006/8/5,快晴
2006/8/6,晴
2006/8/7,晴
2006/8/8,雨後曇、雷を伴う
2006/8/9,大雨後一時曇
2006/8/10,晴
2006/8/11,曇後時々晴
2006/8/12,曇後時々雨、雷を伴う
2006/8/13,晴一時曇
2006/8/14,晴
2006/8/15,曇時々雨
2006/8/16,曇時々雨
2006/8/17,曇一時雨、雷を伴う
2006/8/18,晴後薄曇
2006/8/19,晴
2006/8/20,曇後一時雨
2006/8/21,曇後晴
2006/8/22,曇時々晴
2006/8/23,曇後一時晴
2006/8/24,晴一時雨
2006/8/25,曇一時雨、雷を伴う
2006/8/26,曇
2006/8/27,曇
2006/8/28,曇
2006/8/29,晴
2006/8/30,曇時々雨
2006/8/31,晴
2006/9/1,雨一時曇
2006/9/2,晴
2006/9/3,晴
2006/9/4,晴後曇
2006/9/5,晴後一時曇
2006/9/6,雨時々曇
2006/9/7,曇
2006/9/8,曇一時雨
2006/9/9,曇後一時晴
2006/9/10,晴
2006/9/11,曇一時雨、雷を伴う
2006/9/12,雨
2006/9/13,雨
2006/9/14,雨後曇
2006/9/15,曇一時晴
2006/9/16,晴後曇
2006/9/17,曇後一時雨
2006/9/18,曇一時雨
2006/9/19,晴後曇一時雨
2006/9/20,晴
2006/9/21,晴後一時曇
2006/9/22,曇
2006/9/23,曇時々晴
2006/9/24,晴
2006/9/25,曇一時晴
2006/9/26,大雨一時曇
2006/9/27,曇一時雨、雷を伴う
2006/9/28,晴後曇
2006/9/29,曇
2006/9/30,曇一時晴
2006/10/1,曇後雨
2006/10/2,雨後曇
2006/10/3,曇
2006/10/4,曇
2006/10/5,雨一時曇
2006/10/6,大雨
2006/10/7,晴一時曇
2006/10/8,快晴
2006/10/9,快晴
2006/10/10,晴
2006/10/11,晴後曇
2006/10/12,晴後一時薄曇
2006/10/13,晴時々曇
2006/10/14,曇時々晴
2006/10/15,曇後晴
2006/10/16,快晴
2006/10/17,晴一時曇
2006/10/18,曇時々晴
2006/10/19,快晴
2006/10/20,曇
2006/10/21,曇時々晴
2006/10/22,曇後一時雨
2006/10/23,雨一時霧雨
2006/10/24,雨時々曇
2006/10/25,曇後晴
2006/10/26,晴後曇
2006/10/27,曇後一時晴
2006/10/28,晴一時曇
2006/10/29,晴一時雨
2006/10/30,晴
2006/10/31,晴
2006/11/1,晴後一時曇
2006/11/2,曇一時晴
2006/11/3,晴
2006/11/4,曇時々晴
2006/11/5,曇後晴
2006/11/6,曇
2006/11/7,晴一時曇
2006/11/8,晴
2006/11/9,快晴
2006/11/10,晴後薄曇
2006/11/11,雨一時曇、雷を伴う
2006/11/12,晴
2006/11/13,晴
2006/11/14,晴
2006/11/15,晴後曇一時雨
2006/11/16,晴後一時曇
2006/11/17,曇一時晴
2006/11/18,晴後曇
2006/11/19,雨時々曇
2006/11/20,雨時々曇
2006/11/21,晴後一時曇
2006/11/22,晴後曇
2006/11/23,曇
2006/11/24,曇後晴
2006/11/25,晴
2006/11/26,曇
2006/11/27,雨後曇
2006/11/28,雨後曇
2006/11/29,晴時々曇
2006/11/30,雨時々曇後晴
2006/12/1,晴一時薄曇
2006/12/2,快晴
2006/12/3,晴一時曇
2006/12/4,晴
2006/12/5,曇時々晴
2006/12/6,薄曇時々晴
2006/12/7,曇
2006/12/8,曇一時雨
2006/12/9,雨
2006/12/10,晴一時曇
2006/12/11,晴
2006/12/12,曇時々雨
2006/12/13,晴後曇一時雨
2006/12/14,曇
2006/12/15,曇後晴
2006/12/16,曇一時晴
2006/12/17,曇後晴
2006/12/18,晴
2006/12/19,曇後一時晴
2006/12/20,曇後一時晴
2006/12/21,曇
2006/12/22,曇
2006/12/23,快晴
2006/12/24,晴後一時曇
2006/12/25,薄曇後晴
2006/12/26,大雨
2006/12/27,晴一時曇
2006/12/28,晴
2006/12/29,快晴
2006/12/30,快晴
2006/12/31,晴
2007/1/1,晴時々曇
2007/1/2,曇
2007/1/3,曇時々晴
2007/1/4,薄曇時々晴
2007/1/5,晴
2007/1/6,大雨
2007/1/7,晴後一時曇
2007/1/8,晴
2007/1/9,晴
2007/1/10,快晴
2007/1/11,晴後曇
2007/1/12,曇後晴
2007/1/13,晴時々薄曇
2007/1/14,晴
2007/1/15,晴
2007/1/16,晴一時曇
2007/1/17,曇時々雨
2007/1/18,曇後晴
2007/1/19,晴後時々曇
2007/1/20,曇後雨、あられを伴う
2007/1/21,曇
2007/1/22,雨後晴
2007/1/23,晴後薄曇
2007/1/24,曇後晴
2007/1/25,快晴
2007/1/26,晴一時曇
2007/1/27,晴
2007/1/28,曇一時晴
2007/1/29,曇一時雨後晴
2007/1/30,快晴
2007/1/31,快晴
2007/2/1,晴
2007/2/2,快晴
2007/2/3,快晴
2007/2/4,快晴
2007/2/5,晴
2007/2/6,薄曇後晴
2007/2/7,曇時々晴
2007/2/8,晴
2007/2/9,晴後曇
2007/2/10,曇
2007/2/11,快晴
2007/2/12,快晴
2007/2/13,晴
2007/2/14,雨一時曇
2007/2/15,晴
2007/2/16,晴
2007/2/17,曇一時晴
2007/2/18,雨後晴
2007/2/19,晴
2007/2/20,雨時々曇
2007/2/21,晴一時曇
2007/2/22,晴時々曇
2007/2/23,雨後一時曇
2007/2/24,晴後時々薄曇
2007/2/25,薄曇一時晴
2007/2/26,快晴
2007/2/27,晴後一時曇
2007/2/28,晴
2007/3/1,快晴
2007/3/2,薄曇一時晴
2007/3/3,曇後一時晴
2007/3/4,薄曇後晴
2007/3/5,曇後一時雨
2007/3/6,曇時々晴後一時雨、雷を伴う
2007/3/7,晴一時曇
2007/3/8,晴
2007/3/9,曇
2007/3/10,晴時々薄曇
2007/3/11,雨後曇一時晴、あられを伴う
2007/3/12,晴
2007/3/13,晴
2007/3/14,晴
2007/3/15,曇一時晴
2007/3/16,曇一時雪
2007/3/17,曇一時雪後晴
2007/3/18,快晴
2007/3/19,晴
2007/3/20,晴一時曇
2007/3/21,晴
2007/3/22,晴一時曇
2007/3/23,快晴
2007/3/24,曇
2007/3/25,雨後曇
2007/3/26,晴
2007/3/27,曇
2007/3/28,晴
2007/3/29,晴
2007/3/30,晴時々曇一時雨
2007/3/31,曇
2007/4/1,晴後薄曇
2007/4/2,曇一時雨
2007/4/3,雨後一時曇
2007/4/4,曇後時々雨一時みぞれ、雷を伴う
2007/4/5,晴
2007/4/6,晴時々曇
2007/4/7,晴後曇
2007/4/8,晴後時々曇
2007/4/9,曇時々晴後一時雨、雷を伴う
2007/4/10,晴後薄曇
2007/4/11,曇後一時雨
2007/4/12,晴後一時薄曇
2007/4/13,薄曇
2007/4/14,晴
2007/4/15,薄曇
2007/4/16,雨一時曇
2007/4/17,雨時々曇、雷を伴う
2007/4/18,曇後雨
2007/4/19,曇一時雨
2007/4/20,晴
2007/4/21,薄曇
2007/4/22,曇
2007/4/23,曇
2007/4/24,曇
2007/4/25,雨時々曇一時霧雨
2007/4/26,晴後一時雨、雷を伴う
2007/4/27,晴後薄曇
2007/4/28,薄曇後一時雨、雷を伴う
2007/4/29,晴
2007/4/30,晴
2007/5/1,曇時々雨
2007/5/2,晴一時曇
2007/5/3,晴
2007/5/4,快晴
2007/5/5,晴後薄曇
2007/5/6,雨一時曇
2007/5/7,曇後一時晴
2007/5/8,曇一時霧後晴
2007/5/9,晴後一時薄曇
2007/5/10,曇一時晴
2007/5/11,快晴
2007/5/12,晴後一時薄曇
2007/5/13,曇
2007/5/14,薄曇
2007/5/15,晴一時雨、雷を伴う
2007/5/16,晴後薄曇
2007/5/17,雨後曇一時晴
2007/5/18,曇一時晴
2007/5/19,曇一時雨
2007/5/20,晴
2007/5/21,晴
2007/5/22,薄曇後一時晴
2007/5/23,晴後薄曇
2007/5/24,晴
2007/5/25,大雨
2007/5/26,晴
2007/5/27,晴後一時曇
2007/5/28,晴後一時薄曇
2007/5/29,薄曇
2007/5/30,曇後雨
2007/5/31,曇時々晴、雷を伴う
2007/6/1,曇後晴
2007/6/2,薄曇後晴
2007/6/3,晴後薄曇
2007/6/4,晴一時薄曇
2007/6/5,薄曇時々晴
2007/6/6,晴
2007/6/7,曇時々晴一時雨
2007/6/8,晴一時曇
2007/6/9,曇一時雨
2007/6/10,曇時々雨、雷を伴う
2007/6/11,曇時々雨後晴
2007/6/12,晴
2007/6/13,晴後薄曇
2007/6/14,曇後雨
2007/6/15,晴一時曇
2007/6/16,晴
2007/6/17,晴時々薄曇
2007/6/18,曇
2007/6/19,晴時々曇
2007/6/20,快晴
2007/6/21,薄曇時々晴
2007/6/22,雨一時曇
2007/6/23,晴一時曇
2007/6/24,曇後雨
2007/6/25,霧雨後曇
2007/6/26,曇時々雨
2007/6/27,晴時々曇
2007/6/28,曇
2007/6/29,曇後一時雨
2007/6/30,曇一時晴
2007/7/1,曇
2007/7/2,曇時々雨
2007/7/3,曇
2007/7/4,雨一時霧雨
2007/7/5,薄曇時々晴
2007/7/6,薄曇後晴
2007/7/7,曇
2007/7/8,曇
2007/7/9,曇
2007/7/10,雨一時曇
2007/7/11,雨時々曇
2007/7/12,曇後雨
2007/7/13,曇
2007/7/14,大雨
2007/7/15,大雨
2007/7/16,晴後曇
2007/7/17,雨一時曇
2007/7/18,曇一時霧雨
2007/7/19,曇一時霧雨
2007/7/20,曇一時晴
2007/7/21,曇一時雨
2007/7/22,曇一時雨
2007/7/23,曇一時雨
2007/7/24,快晴
2007/7/25,晴一時曇
2007/7/26,曇時々晴一時雨
2007/7/27,晴一時曇
2007/7/28,晴後一時曇
2007/7/29,曇後一時雨、雷を伴う
2007/7/30,曇時々雨、雷を伴う
2007/7/31,曇後一時晴
2007/8/1,晴時々曇
2007/8/2,曇一時雨後時々晴
2007/8/3,薄曇
2007/8/4,晴一時薄曇
2007/8/5,晴
2007/8/6,快晴
2007/8/7,薄曇一時晴
2007/8/8,晴一時曇
2007/8/9,晴
2007/8/10,晴
2007/8/11,晴
2007/8/12,晴
2007/8/13,曇一時雨後晴
2007/8/14,晴
2007/8/15,晴
2007/8/16,晴後一時曇
2007/8/17,曇
2007/8/18,曇
2007/8/19,晴一時曇
2007/8/20,晴
2007/8/21,晴
2007/8/22,晴
2007/8/23,曇一時雨、雷を伴う
2007/8/24,曇後晴
2007/8/25,晴時々薄曇
2007/8/26,晴時々曇
2007/8/27,薄曇
2007/8/28,曇
2007/8/29,曇一時雨
2007/8/30,雨時々曇
2007/8/31,曇時々雨
2007/9/1,曇時々雨
2007/9/2,曇一時晴
2007/9/3,曇時々晴
2007/9/4,晴後曇一時雨
2007/9/5,曇時々雨、雷を伴う
2007/9/6,雨時々曇
2007/9/7,雨後薄曇
2007/9/8,晴
2007/9/9,晴
2007/9/10,曇時々雨
2007/9/11,曇時々大雨、雷を伴う
2007/9/12,雨後曇
2007/9/13,曇
2007/9/14,曇後晴
2007/9/15,曇後晴
2007/9/16,薄曇時々晴
2007/9/17,晴時々薄曇
2007/9/18,曇
2007/9/19,曇
2007/9/20,晴
2007/9/21,晴
2007/9/22,晴後一時薄曇
2007/9/23,曇
2007/9/24,曇後一時雨
2007/9/25,晴時々曇
2007/9/26,曇時々晴
2007/9/27,曇後一時晴
2007/9/28,晴
2007/9/29,雨後一時曇
2007/9/30,大雨
2007/10/1,曇時々雨
2007/10/2,雨後曇
2007/10/3,曇
2007/10/4,晴時々曇
2007/10/5,晴時々曇
2007/10/6,晴時々曇
2007/10/7,晴
2007/10/8,雨時々曇
2007/10/9,雨後曇
2007/10/10,曇後一時晴
2007/10/11,曇後晴
2007/10/12,晴時々曇
2007/10/13,曇一時晴
2007/10/14,曇
2007/10/15,曇
2007/10/16,曇後時々雨
2007/10/17,晴後曇
2007/10/18,晴時々曇
2007/10/19,曇後一時雨
2007/10/20,薄曇時々晴
2007/10/21,晴
2007/10/22,晴
2007/10/23,曇時々晴
2007/10/24,晴
2007/10/25,晴後曇
2007/10/26,雨後一時曇
2007/10/27,大雨
2007/10/28,快晴
2007/10/29,曇時々晴
2007/10/30,晴後曇
2007/10/31,曇時々晴
2007/11/1,晴一時曇後雨
2007/11/2,曇後一時雨
2007/11/3,曇後晴
2007/11/4,晴
2007/11/5,晴後曇
2007/11/6,曇一時雨
2007/11/7,曇後晴
2007/11/8,曇後晴
2007/11/9,曇
2007/11/10,雨
2007/11/11,曇一時雨
2007/11/12,晴
2007/11/13,快晴
2007/11/14,晴
2007/11/15,快晴
2007/11/16,曇後一時晴
2007/11/17,曇時々晴
2007/11/18,晴後一時曇
2007/11/19,晴後一時曇
2007/11/20,曇後晴
2007/11/21,快晴
2007/11/22,快晴
2007/11/23,晴
2007/11/24,快晴
2007/11/25,快晴
2007/11/26,晴時々曇
2007/11/27,曇
2007/11/28,曇
2007/11/29,曇
2007/11/30,曇時々雨
2007/12/1,曇後時々晴
2007/12/2,晴一時曇
2007/12/3,雨時々晴
2007/12/4,晴
2007/12/5,快晴
2007/12/6,晴後一時薄曇
2007/12/7,快晴
2007/12/8,曇時々晴
2007/12/9,晴
2007/12/10,晴時々曇
2007/12/11,曇
2007/12/12,晴時々曇
2007/12/13,雨後曇
2007/12/14,晴
2007/12/15,晴
2007/12/16,快晴
2007/12/17,薄曇一時晴
2007/12/18,晴
2007/12/19,曇一時晴
2007/12/20,快晴
2007/12/21,晴後一時薄曇
2007/12/22,雨時々曇
2007/12/23,雨後晴
2007/12/24,快晴
2007/12/25,曇
2007/12/26,薄曇後晴
2007/12/27,晴
2007/12/28,曇一時晴
2007/12/29,曇一時雨
2007/12/30,晴後一時雨
2007/12/31,晴
2008/1/1,晴後一時曇
2008/1/2,快晴
2008/1/3,晴
2008/1/4,快晴
2008/1/5,曇後晴
2008/1/6,快晴
2008/1/7,曇後一時雨
2008/1/8,晴
2008/1/9,曇後晴
2008/1/10,晴
2008/1/11,晴後曇
2008/1/12,雨
2008/1/13,曇後晴
2008/1/14,曇
2008/1/15,晴一時曇
2008/1/16,晴一時曇
2008/1/17,晴一時曇
2008/1/18,曇後一時晴
2008/1/19,薄曇時々晴
2008/1/20,曇一時晴
2008/1/21,曇
2008/1/22,薄曇一時晴
2008/1/23,雪後雨、あられを伴う
2008/1/24,晴一時曇
2008/1/25,快晴
2008/1/26,曇後晴
2008/1/27,晴
2008/1/28,晴後曇
2008/1/29,曇時々雨
2008/1/30,晴後曇
2008/1/31,晴後一時曇
2008/2/1,快晴
2008/2/2,曇
2008/2/3,雪
2008/2/4,晴
2008/2/5,晴
2008/2/6,雪一時曇後みぞれ
2008/2/7,晴一時曇
2008/2/8,晴
2008/2/9,曇後一時雨、あられを伴う
2008/2/10,薄曇後晴
2008/2/11,薄曇後晴
2008/2/12,雨一時曇
2008/2/13,快晴
2008/2/14,快晴
2008/2/15,晴
2008/2/16,晴後一時曇
2008/2/17,晴時々曇
2008/2/18,快晴
2008/2/19,晴
2008/2/20,快晴
2008/2/21,快晴
2008/2/22,晴後一時薄曇
2008/2/23,晴後一時曇
2008/2/24,晴
2008/2/25,快晴
2008/2/26,曇一時晴
2008/2/27,晴後一時曇
2008/2/28,快晴
2008/2/29,晴
2008/3/1,晴時々曇
2008/3/2,薄曇一時晴
2008/3/3,晴時々曇一時雨
2008/3/4,晴後一時曇
2008/3/5,曇後晴
2008/3/6,晴
2008/3/7,晴後一時雨、雷を伴う
2008/3/8,快晴
2008/3/9,晴時々薄曇
2008/3/10,雨後曇一時晴
2008/3/11,晴
2008/3/12,晴
2008/3/13,晴
2008/3/14,雨時々曇
2008/3/15,晴
2008/3/16,曇後晴
2008/3/17,曇
2008/3/18,晴一時曇
2008/3/19,曇後雨
2008/3/20,雨
2008/3/21,曇一時雨
2008/3/22,快晴
2008/3/23,薄曇時々晴
2008/3/24,雨後曇
2008/3/25,晴
2008/3/26,晴一時曇
2008/3/27,晴時々曇
2008/3/28,曇時々晴一時雨
2008/3/29,晴後薄曇
2008/3/30,曇後雨
2008/3/31,雨後晴
2008/4/1,快晴
2008/4/2,晴後薄曇
2008/4/3,晴
2008/4/4,晴時々薄曇
2008/4/5,薄曇後一時晴
2008/4/6,快晴
2008/4/7,曇時々雨一時晴
2008/4/8,大雨、雷を伴う
2008/4/9,曇
2008/4/10,雨
2008/4/11,晴一時雨
2008/4/12,曇時々晴
2008/4/13,雨時々曇
2008/4/14,雨後晴
2008/4/15,晴
2008/4/16,曇一時晴
2008/4/17,曇後雨
2008/4/18,大雨
2008/4/19,曇時々雨
2008/4/20,曇
2008/4/21,曇後時々晴
2008/4/22,晴
2008/4/23,晴時々曇
2008/4/24,曇時々雨
2008/4/25,曇後晴
2008/4/26,曇後雨
2008/4/27,曇一時雨後晴
2008/4/28,薄曇後一時晴
2008/4/29,曇後晴
2008/4/30,快晴
2008/5/1,薄曇
2008/5/2,曇時々雨
2008/5/3,雨後曇一時晴
2008/5/4,曇後一時雨
2008/5/5,曇後一時雨
2008/5/6,快晴
2008/5/7,晴
2008/5/8,薄曇一時晴
2008/5/9,曇
2008/5/10,雨
2008/5/11,雨後曇
2008/5/12,曇
2008/5/13,雨時々曇
2008/5/14,雨後曇
2008/5/15,晴時々薄曇
2008/5/16,薄曇後時々晴
2008/5/17,晴時々曇後一時雨
2008/5/18,晴時々薄曇
2008/5/19,曇
2008/5/20,大雨後曇
2008/5/21,晴
2008/5/22,薄曇時々晴
2008/5/23,薄曇一時晴
2008/5/24,曇後一時雨
2008/5/25,雨後曇
2008/5/26,晴時々曇
2008/5/27,晴
2008/5/28,曇
2008/5/29,雨
2008/5/30,雨後曇
2008/5/31,雨
2008/6/1,晴後時々薄曇
2008/6/2,曇後一時雨
2008/6/3,雨
2008/6/4,曇後一時晴
2008/6/5,曇時々雨
2008/6/6,薄曇時々晴
2008/6/7,曇
2008/6/8,曇
2008/6/9,雨後時々曇、雷を伴う
2008/6/10,晴時々薄曇
2008/6/11,曇後時々晴
2008/6/12,雨後一時薄曇
2008/6/13,快晴
2008/6/14,薄曇
2008/6/15,薄曇一時晴
2008/6/16,曇後晴
2008/6/17,曇
2008/6/18,曇
2008/6/19,曇後一時雨
2008/6/20,曇一時雨
2008/6/21,曇時々雨
2008/6/22,曇一時霧雨後雨
2008/6/23,曇後一時雨
2008/6/24,薄曇時々晴
2008/6/25,曇
2008/6/26,雨後時々曇
2008/6/27,曇
2008/6/28,曇
2008/6/29,雨
2008/6/30,曇時々雨後一時晴
2008/7/1,薄曇後一時晴
2008/7/2,薄曇時々晴
2008/7/3,曇
2008/7/4,曇一時雨後晴
2008/7/5,薄曇後晴
2008/7/6,曇
2008/7/7,雨時々曇
2008/7/8,曇時々雨
2008/7/9,曇
2008/7/10,曇
2008/7/11,曇後一時晴
2008/7/12,薄曇時々晴、雷を伴う
2008/7/13,薄曇時々晴
2008/7/14,曇後一時晴、雷を伴う
2008/7/15,曇
2008/7/16,曇後晴
2008/7/17,曇後晴
2008/7/18,曇後時々雨、雷を伴う
2008/7/19,曇後時々晴
2008/7/20,晴一時曇
2008/7/21,曇後一時晴
2008/7/22,晴一時曇
2008/7/23,曇後晴
2008/7/24,曇後一時晴
2008/7/25,晴時々曇
2008/7/26,曇
2008/7/27,曇後一時雨
2008/7/28,曇一時晴
2008/7/29,晴時々曇
2008/7/30,晴時々曇
2008/7/31,曇後一時晴
2008/8/1,曇後一時晴
2008/8/2,曇後晴
2008/8/3,晴
2008/8/4,曇時々晴
2008/8/5,大雨時々曇、雷を伴う
2008/8/6,晴時々曇
2008/8/7,晴後一時薄曇
2008/8/8,晴後一時薄曇
2008/8/9,曇
2008/8/10,曇
2008/8/11,曇後晴
2008/8/12,曇時々晴
2008/8/13,晴時々曇
2008/8/14,晴時々薄曇
2008/8/15,晴時々薄曇
2008/8/16,曇時々晴後一時雨、雷を伴う
2008/8/17,雨一時曇
2008/8/18,曇後時々晴
2008/8/19,薄曇一時晴
2008/8/20,曇時々晴
2008/8/21,曇一時晴
2008/8/22,曇一時晴
2008/8/23,雨時々曇
2008/8/24,雨時々曇
2008/8/25,雨時々曇
2008/8/26,雨後一時曇
2008/8/27,曇一時晴
2008/8/28,曇後一時雨、雷を伴う
2008/8/29,曇後一時晴
2008/8/30,曇時々雨
2008/8/31,晴時々曇一時雨
2008/9/1,曇後時々晴
2008/9/2,晴一時曇
2008/9/3,晴
2008/9/4,曇
2008/9/5,曇後一時晴
2008/9/6,曇後晴
2008/9/7,曇時々晴一時雨、雷を伴う
2008/9/8,晴時々曇
2008/9/9,快晴
2008/9/10,晴
2008/9/11,曇時々雨
2008/9/12,晴
2008/9/13,晴後一時曇
2008/9/14,曇時々晴一時雨
2008/9/15,曇
2008/9/16,雨時々曇後晴
2008/9/17,晴時々曇
2008/9/18,雨
2008/9/19,雨時々曇
2008/9/20,曇時々晴
2008/9/21,曇後雨
2008/9/22,雨後曇、雷を伴う
2008/9/23,曇時々晴
2008/9/24,晴
2008/9/25,曇後一時晴
2008/9/26,曇一時雨
2008/9/27,曇
2008/9/28,曇後一時雨
2008/9/29,雨
2008/9/30,雨後一時曇
2008/10/1,曇一時雨
2008/10/2,快晴
2008/10/3,曇後時々晴
2008/10/4,晴
2008/10/5,曇一時晴
2008/10/6,雨後曇
2008/10/7,曇
2008/10/8,雨時々曇
2008/10/9,晴時々曇
2008/10/10,晴後曇一時雨
2008/10/11,雨後曇時々晴
2008/10/12,晴後曇
2008/10/13,曇後晴
2008/10/14,曇後雨
2008/10/15,曇後晴
2008/10/16,晴
2008/10/17,晴後曇
2008/10/18,晴時々曇
2008/10/19,晴後曇
2008/10/20,晴後薄曇
2008/10/21,晴
2008/10/22,曇一時晴
2008/10/23,曇後雨
2008/10/24,大雨
2008/10/25,曇
2008/10/26,曇時々雨
2008/10/27,晴後時々曇一時雨、雷を伴う
2008/10/28,快晴
2008/10/29,晴時々薄曇
2008/10/30,曇後晴
2008/10/31,曇
2008/11/1,快晴
2008/11/2,薄曇後時々晴
2008/11/3,曇
2008/11/4,薄曇後晴
2008/11/5,曇時々晴
2008/11/6,薄曇
2008/11/7,曇一時雨後晴
2008/11/8,曇時々雨
2008/11/9,曇時々雨
2008/11/10,曇一時雨
2008/11/11,曇
2008/11/12,曇後雨
2008/11/13,快晴
2008/11/14,曇後晴
2008/11/15,曇後一時雨
2008/11/16,雨後一時曇
2008/11/17,晴時々曇
2008/11/18,晴時々薄曇
2008/11/19,晴
2008/11/20,快晴
2008/11/21,快晴
2008/11/22,晴後一時曇
2008/11/23,晴一時曇
2008/11/24,曇後雨
2008/11/25,晴時々曇
2008/11/26,晴後一時薄曇
2008/11/27,雨時々曇
2008/11/28,曇一時雨後晴
2008/11/29,晴
2008/11/30,快晴
2008/12/1,晴後一時曇
2008/12/2,曇後一時雨
2008/12/3,快晴
2008/12/4,快晴
2008/12/5,曇後一時雨、雷を伴う
2008/12/6,晴
2008/12/7,快晴
2008/12/8,曇時々晴
2008/12/9,曇後一時雨
2008/12/10,晴時々曇
2008/12/11,薄曇時々晴
2008/12/12,快晴
2008/12/13,曇後時々晴
2008/12/14,雨後時々曇一時晴
2008/12/15,快晴
2008/12/16,晴
2008/12/17,雨一時曇
2008/12/18,快晴
2008/12/19,晴
2008/12/20,晴
2008/12/21,晴
2008/12/22,曇時々晴後一時雨
2008/12/23,曇後晴
2008/12/24,曇一時晴
2008/12/25,晴一時薄曇
2008/12/26,晴
2008/12/27,快晴
2008/12/28,快晴
2008/12/29,快晴
2008/12/30,快晴
2008/12/31,快晴
2009/1/1,快晴
2009/1/2,快晴
2009/1/3,快晴
2009/1/4,快晴
2009/1/5,晴後一時曇
2009/1/6,晴後一時薄曇
2009/1/7,薄曇時々晴
2009/1/8,晴時々薄曇
2009/1/9,雨、みぞれを伴う
2009/1/10,晴一時曇
2009/1/11,快晴
2009/1/12,晴時々曇一時雨、あられを伴う
2009/1/13,晴
2009/1/14,快晴
2009/1/15,快晴
2009/1/16,快晴
2009/1/17,快晴
2009/1/18,曇一時雨
2009/1/19,晴一時曇
2009/1/20,曇
2009/1/21,曇後一時雨
2009/1/22,霧雨時々雨
2009/1/23,雨後曇一時晴
2009/1/24,曇一時晴
2009/1/25,快晴
2009/1/26,薄曇時々晴
2009/1/27,晴後薄曇
2009/1/28,曇後一時雨
2009/1/29,曇
2009/1/30,雨
2009/1/31,雨後時々曇
2009/2/1,快晴
2009/2/2,晴後曇
2009/2/3,晴時々薄曇
2009/2/4,曇
2009/2/5,曇後時々晴
2009/2/6,快晴
2009/2/7,晴一時曇
2009/2/8,快晴
2009/2/9,曇
2009/2/10,晴後一時曇
2009/2/11,曇一時雨
2009/2/12,晴
2009/2/13,曇
2009/2/14,晴一時曇
2009/2/15,曇一時晴
2009/2/16,曇時々晴
2009/2/17,晴
2009/2/18,晴後一時曇
2009/2/19,晴時々薄曇
2009/2/20,雨一時みぞれ後晴
2009/2/21,快晴
2009/2/22,晴後薄曇
2009/2/23,雨後一時晴
2009/2/24,曇後雨
2009/2/25,曇時々雨
2009/2/26,雨時々曇
2009/2/27,雨時々雪一時みぞれ
2009/2/28,曇
2009/3/1,曇時々雨
2009/3/2,快晴
2009/3/3,曇後時々雨一時みぞれ
2009/3/4,曇後雨
2009/3/5,晴後薄曇
2009/3/6,大雨
2009/3/7,晴時々曇
2009/3/8,曇
2009/3/9,曇
2009/3/10,晴時々曇一時雨
2009/3/11,薄曇
2009/3/12,快晴
2009/3/13,曇後一時雨
2009/3/14,雨後一時曇
2009/3/15,快晴
2009/3/16,晴
2009/3/17,快晴
2009/3/18,晴後一時薄曇
2009/3/19,晴後一時薄曇
2009/3/20,曇時々雨後晴
2009/3/21,快晴
2009/3/22,曇後雨
2009/3/23,晴後曇
2009/3/24,曇時々雨一時晴
2009/3/25,雨時々曇
2009/3/26,曇一時雪後晴
2009/3/27,晴後曇
2009/3/28,曇後一時晴
2009/3/29,薄曇後一時晴
2009/3/30,快晴
2009/3/31,曇後一時晴
2009/4/1,雨時々曇
2009/4/2,晴一時曇
2009/4/3,晴後一時薄曇
2009/4/4,曇時々晴
2009/4/5,薄曇
2009/4/6,快晴
2009/4/7,快晴
2009/4/8,薄曇後一時晴
2009/4/9,快晴
2009/4/10,快晴
2009/4/11,快晴
2009/4/12,薄曇後一時晴
2009/4/13,晴後薄曇
2009/4/14,曇後雨
2009/4/15,快晴
2009/4/16,晴時々曇
2009/4/17,曇後雨
2009/4/18,曇
2009/4/19,晴一時薄曇
2009/4/20,曇一時晴
2009/4/21,曇後雨
2009/4/22,晴後時々曇
2009/4/23,晴
2009/4/24,曇
2009/4/25,大雨
2009/4/26,晴一時曇
2009/4/27,晴後一時曇
2009/4/28,快晴
2009/4/29,快晴
2009/4/30,快晴
2009/5/1,晴時々薄曇
2009/5/2,快晴
2009/5/3,薄曇
2009/5/4,薄曇
2009/5/5,雨時々曇
2009/5/6,雨時々曇
2009/5/7,雨
2009/5/8,雨時々曇、雷を伴う
2009/5/9,晴時々薄曇
2009/5/10,晴時々薄曇
2009/5/11,薄曇
2009/5/12,曇
2009/5/13,曇後一時晴
2009/5/14,快晴
2009/5/15,薄曇一時晴
2009/5/16,曇一時雨
2009/5/17,雨後曇
2009/5/18,薄曇時々晴
2009/5/19,薄曇
2009/5/20,快晴
2009/5/21,薄曇一時晴
2009/5/22,晴時々曇
2009/5/23,曇
2009/5/24,雨時々曇
2009/5/25,曇後晴
2009/5/26,薄曇時々晴
2009/5/27,薄曇時々晴
2009/5/28,雨
2009/5/29,雨後一時曇
2009/5/30,雨後曇
2009/5/31,雨時々曇
2009/6/1,曇時々雨後一時晴
2009/6/2,薄曇一時晴
2009/6/3,曇
2009/6/4,曇
2009/6/5,雨時々曇
2009/6/6,雨後曇
2009/6/7,晴
2009/6/8,曇時々雨
2009/6/9,曇
2009/6/10,曇
2009/6/11,雨後薄曇時々晴
2009/6/12,薄曇後時々晴
2009/6/13,曇後一時晴
2009/6/14,曇
2009/6/15,曇
2009/6/16,曇後一時雨
2009/6/17,曇後一時晴
2009/6/18,曇後時々雨
2009/6/19,曇後晴
2009/6/20,薄曇時々晴
2009/6/21,雨後一時曇
2009/6/22,曇後時々雨
2009/6/23,曇後晴
2009/6/24,大雨後曇
2009/6/25,曇後時々晴
2009/6/26,薄曇
2009/6/27,晴後薄曇
2009/6/28,曇後雨
2009/6/29,晴後薄曇
2009/6/30,曇時々雨
2009/7/1,曇
2009/7/2,雨時々霧雨一時曇
2009/7/3,曇
2009/7/4,曇後一時晴
2009/7/5,曇
2009/7/6,雨時々曇
2009/7/7,薄曇
2009/7/8,雨時々曇
2009/7/9,曇時々雨
2009/7/10,曇
2009/7/11,曇
2009/7/12,曇後晴
2009/7/13,曇後時々晴
2009/7/14,曇時々晴
2009/7/15,薄曇時々晴
2009/7/16,晴時々薄曇
2009/7/17,曇一時雨
2009/7/18,曇時々雨
2009/7/19,曇一時雨
2009/7/20,曇後一時晴
2009/7/21,雨一時曇
2009/7/22,雨時々曇
2009/7/23,曇時々雨
2009/7/24,雨時々曇、雷を伴う
2009/7/25,曇後晴
2009/7/26,晴
2009/7/27,曇時々雨一時晴
2009/7/28,曇後時々雨
2009/7/29,曇
2009/7/30,薄曇後晴
2009/7/31,雨後曇
2009/8/1,曇後一時晴
2009/8/2,雨時々曇
2009/8/3,曇一時晴
2009/8/4,曇時々雨後一時晴
2009/8/5,曇一時晴
2009/8/6,曇時々雨
2009/8/7,曇一時晴
2009/8/8,曇
2009/8/9,曇後一時雨、雷を伴う
2009/8/10,大雨後曇
2009/8/11,曇時々雨一時晴
2009/8/12,晴時々曇
2009/8/13,曇一時雨後晴
2009/8/14,曇後一時晴
2009/8/15,晴
2009/8/16,晴
2009/8/17,晴
2009/8/18,曇時々晴
2009/8/19,薄曇一時晴
2009/8/20,薄曇時々晴
2009/8/21,曇後時々晴
2009/8/22,曇後時々晴
2009/8/23,曇時々晴後一時雨
2009/8/24,曇時々晴一時雨、雷を伴う
2009/8/25,晴時々曇
2009/8/26,曇後一時晴
2009/8/27,晴
2009/8/28,晴
2009/8/29,晴時々曇
2009/8/30,雨時々曇一時晴
2009/8/31,大雨
2009/9/1,晴時々曇
2009/9/2,曇一時雨
2009/9/3,曇
2009/9/4,曇
2009/9/5,晴一時曇
2009/9/6,晴
2009/9/7,晴
2009/9/8,曇時々晴
2009/9/9,曇時々雨
2009/9/10,晴時々薄曇
2009/9/11,薄曇
2009/9/12,雨時々曇
2009/9/13,曇後晴
2009/9/14,晴後時々薄曇
2009/9/15,曇一時雨
2009/9/16,晴一時曇
2009/9/17,晴
2009/9/18,曇後一時雨
2009/9/19,曇
2009/9/20,快晴
2009/9/21,曇
2009/9/22,曇一時晴
2009/9/23,曇一時晴
2009/9/24,晴
2009/9/25,晴
2009/9/26,曇後晴
2009/9/27,曇後一時晴
2009/9/28,曇時々晴
2009/9/29,曇時々雨
2009/9/30,雨
2009/10/1,曇後晴
2009/10/2,雨後一時曇
2009/10/3,雨時々曇一時晴
2009/10/4,晴一時曇
2009/10/5,雨一時曇
2009/10/6,雨
2009/10/7,雨
2009/10/8,雨一時曇後晴
2009/10/9,晴後曇
2009/10/10,曇時々雨後晴
2009/10/11,晴
2009/10/12,晴時々曇
2009/10/13,晴一時曇
2009/10/14,晴時々曇
2009/10/15,快晴
2009/10/16,晴
2009/10/17,曇後一時雨
2009/10/18,快晴
2009/10/19,晴
2009/10/20,晴後曇
2009/10/21,晴
2009/10/22,晴後曇
2009/10/23,曇時々晴
2009/10/24,曇後一時雨
2009/10/25,雨後曇
2009/10/26,大雨
2009/10/27,快晴
2009/10/28,晴一時薄曇
2009/10/29,曇後晴
2009/10/30,晴後一時薄曇
2009/10/31,晴後一時曇
2009/11/1,曇時々晴後一時雨
2009/11/2,曇時々雨
2009/11/3,快晴
2009/11/4,晴時々曇
2009/11/5,曇一時晴
2009/11/6,快晴
2009/11/7,晴一時曇
2009/11/8,曇後晴
2009/11/9,晴後薄曇
2009/11/10,晴後曇
2009/11/11,大雨
2009/11/12,曇
2009/11/13,曇後雨
2009/11/14,雨後曇
2009/11/15,快晴
2009/11/16,曇
2009/11/17,雨
2009/11/18,曇一時雨後晴
2009/11/19,曇後雨
2009/11/20,晴後曇
2009/11/21,晴一時曇
2009/11/22,曇時々雨
2009/11/23,晴一時曇
2009/11/24,曇一時晴
2009/11/25,雨後晴
2009/11/26,晴一時曇
2009/11/27,曇一時晴
2009/11/28,晴後一時曇
2009/11/29,晴後曇
2009/11/30,曇一時雨
2009/12/1,晴時々曇
2009/12/2,晴
2009/12/3,雨
2009/12/4,晴
2009/12/5,曇後雨
2009/12/6,快晴
2009/12/7,晴一時曇
2009/12/8,晴後一時曇
2009/12/9,曇
2009/12/10,晴
2009/12/11,雨
2009/12/12,曇後晴
2009/12/13,曇後一時雨
2009/12/14,曇後晴
2009/12/15,曇一時晴
2009/12/16,曇
2009/12/17,晴一時曇
2009/12/18,快晴
2009/12/19,晴
2009/12/20,快晴
2009/12/21,快晴
2009/12/22,晴
2009/12/23,快晴
2009/12/24,晴
2009/12/25,晴一時曇
2009/12/26,曇後晴
2009/12/27,薄曇一時晴
2009/12/28,曇後晴
2009/12/29,曇後晴
2009/12/30,曇後晴
2009/12/31,晴
2010/1/1,快晴
2010/1/2,快晴
2010/1/3,曇一時晴
2010/1/4,晴一時曇
2010/1/5,晴一時曇
2010/1/6,晴
2010/1/7,晴後一時曇
2010/1/8,晴
2010/1/9,快晴
2010/1/10,快晴
2010/1/11,曇後一時晴
2010/1/12,曇後雨一時みぞれ
2010/1/13,晴一時曇
2010/1/14,快晴
2010/1/15,快晴
2010/1/16,快晴
2010/1/17,快晴
2010/1/18,晴一時曇
2010/1/19,快晴
2010/1/20,晴後薄曇
2010/1/21,曇
2010/1/22,晴後時々曇
2010/1/23,晴一時薄曇
2010/1/24,快晴
2010/1/25,晴
2010/1/26,快晴
2010/1/27,晴後一時薄曇
2010/1/28,曇後一時雨
2010/1/29,晴後時々曇
2010/1/30,晴一時曇
2010/1/31,晴時々薄曇
2010/2/1,曇後雨
2010/2/2,曇時々晴
2010/2/3,晴時々曇
2010/2/4,晴
2010/2/5,晴
2010/2/6,晴
2010/2/7,快晴
2010/2/8,晴時々薄曇
2010/2/9,晴後薄曇
2010/2/10,曇後一時雨
2010/2/11,雨時々曇
2010/2/12,曇時々雪一時雨
2010/2/13,雪後みぞれ
2010/2/14,晴後曇
2010/2/15,雨一時曇
2010/2/16,曇時々雨一時雪
2010/2/17,曇
2010/2/18,曇一時雪
2010/2/19,曇後時々晴
2010/2/20,快晴
2010/2/21,晴後時々曇
2010/2/22,曇後一時晴
2010/2/23,薄曇後晴
2010/2/24,晴一時曇
2010/2/25,晴時々薄曇
2010/2/26,曇後雨
2010/2/27,雨時々曇
2010/2/28,雨一時みぞれ後晴
2010/3/1,曇
2010/3/2,曇
2010/3/3,晴後時々曇
2010/3/4,曇後一時雨
2010/3/5,晴後一時薄曇
2010/3/6,雨後時々曇
2010/3/7,雨
2010/3/8,曇時々晴
2010/3/9,曇後雨一時みぞれ
2010/3/10,曇一時雨後晴
2010/3/11,快晴
2010/3/12,晴時々曇
2010/3/13,晴後時々薄曇
2010/3/14,晴時々薄曇
2010/3/15,曇
2010/3/16,晴時々曇
2010/3/17,曇後晴
2010/3/18,薄曇後一時晴
2010/3/19,晴一時雨
2010/3/20,晴後一時薄曇
2010/3/21,晴一時雨
2010/3/22,晴一時薄曇
2010/3/23,曇一時晴
2010/3/24,雨、あられを伴う
2010/3/25,雨
2010/3/26,曇後一時雨
2010/3/27,曇時々晴
2010/3/28,曇
2010/3/29,曇時々雨一時みぞれ
2010/3/30,晴後一時薄曇
2010/3/31,曇一時晴
2010/4/1,曇一時晴
2010/4/2,雨時々曇
2010/4/3,曇後晴
2010/4/4,曇後一時雨
2010/4/5,雨後一時曇
2010/4/6,晴時々曇
2010/4/7,曇後雨
2010/4/8,晴
2010/4/9,薄曇
2010/4/10,晴時々曇
2010/4/11,曇時々晴
2010/4/12,雨一時曇
2010/4/13,晴後薄曇
2010/4/14,晴後曇
2010/4/15,雨後一時曇
2010/4/16,雨
2010/4/17,雨一時雪後晴、あられを伴う
2010/4/18,晴後薄曇
2010/4/19,薄曇一時晴
2010/4/20,曇後雨
2010/4/21,薄曇一時晴
2010/4/22,雨
2010/4/23,雨後時々曇
2010/4/24,晴後一時曇
2010/4/25,快晴
2010/4/26,晴時々薄曇
2010/4/27,曇後雨
2010/4/28,大雨後一時曇
2010/4/29,晴一時曇
2010/4/30,晴後薄曇
2010/5/1,快晴
2010/5/2,快晴
2010/5/3,薄曇
2010/5/4,薄曇
2010/5/5,晴時々薄曇
2010/5/6,薄曇後晴
2010/5/7,曇後雨
2010/5/8,晴時々薄曇
2010/5/9,薄曇一時晴
2010/5/10,曇
2010/5/11,雨後一時曇
2010/5/12,雨一時曇後晴
2010/5/13,晴
2010/5/14,晴後曇
2010/5/15,晴後一時曇
2010/5/16,晴時々曇
2010/5/17,晴時々薄曇
2010/5/18,薄曇時々晴
2010/5/19,曇時々雨
2010/5/20,雨後一時曇
2010/5/21,快晴
2010/5/22,薄曇
2010/5/23,雨一時曇
2010/5/24,雨後一時霧雨、霧を伴う
2010/5/25,晴時々薄曇
2010/5/26,曇後一時雨
2010/5/27,曇後晴一時雨
2010/5/28,晴後一時曇
2010/5/29,曇後雨一時霧雨
2010/5/30,曇
2010/5/31,晴後時々曇
2010/6/1,晴
2010/6/2,快晴
2010/6/3,快晴
2010/6/4,晴後一時薄曇
2010/6/5,曇後晴
2010/6/6,晴後薄曇
2010/6/7,薄曇
2010/6/8,曇一時雨
2010/6/9,雨後曇
2010/6/10,晴
2010/6/11,曇後一時晴
2010/6/12,晴
2010/6/13,曇
2010/6/14,雨
2010/6/15,曇時々晴
2010/6/16,曇時々晴一時雨
2010/6/17,薄曇時々晴
2010/6/18,曇後雨
2010/6/19,曇一時雨
2010/6/20,曇
2010/6/21,曇時々晴
2010/6/22,曇
2010/6/23,雨時々曇
2010/6/24,薄曇後晴
2010/6/25,薄曇
2010/6/26,曇後時々雨
2010/6/27,曇時々雨
2010/6/28,曇後一時雨、雷を伴う
2010/6/29,曇一時雨
2010/6/30,曇後一時晴
2010/7/1,曇後一時雨
2010/7/2,薄曇後晴一時雨
2010/7/3,曇
2010/7/4,曇時々晴後一時雨
2010/7/5,曇時々晴後一時雨
2010/7/6,曇時々雨後一時晴
2010/7/7,曇時々雨
2010/7/8,晴時々薄曇
2010/7/9,曇後雨
2010/7/10,薄曇時々晴
2010/7/11,曇後雨
2010/7/12,雨時々曇
2010/7/13,曇時々雨
2010/7/14,曇時々晴
2010/7/15,曇後晴
2010/7/16,晴一時曇
2010/7/17,晴時々曇
2010/7/18,晴
2010/7/19,晴後薄曇
2010/7/20,薄曇
2010/7/21,晴一時薄曇
2010/7/22,晴
2010/7/23,晴
2010/7/24,晴
2010/7/25,晴後一時曇
2010/7/26,晴時々曇一時雨
2010/7/27,晴
2010/7/28,晴
2010/7/29,雨
2010/7/30,雨時々曇一時晴
2010/7/31,曇後一時晴
2010/8/1,薄曇後一時晴
2010/8/2,曇後一時晴
2010/8/3,晴
2010/8/4,晴一時曇
2010/8/5,晴
2010/8/6,晴一時曇
2010/8/7,晴後一時薄曇
2010/8/8,曇一時雨
2010/8/9,曇時々雨
2010/8/10,雨時々曇後晴
2010/8/11,晴時々曇
2010/8/12,曇後雨
2010/8/13,曇
2010/8/14,曇
2010/8/15,薄曇
2010/8/16,薄曇後一時晴
2010/8/17,晴
2010/8/18,曇時々晴
2010/8/19,曇後晴
2010/8/20,曇
2010/8/21,曇後晴
2010/8/22,晴
2010/8/23,晴
2010/8/24,晴一時曇
2010/8/25,晴時々曇
2010/8/26,晴一時曇
2010/8/27,晴
2010/8/28,晴時々薄曇
2010/8/29,薄曇時々晴
2010/8/30,薄曇後一時晴
2010/8/31,晴
2010/9/1,晴
2010/9/2,薄曇一時晴
2010/9/3,晴後一時薄曇
2010/9/4,晴
2010/9/5,晴時々曇
2010/9/6,晴時々薄曇
2010/9/7,薄曇
2010/9/8,大雨
2010/9/9,曇後晴
2010/9/10,曇後晴
2010/9/11,晴後一時薄曇
2010/9/12,薄曇
2010/9/13,曇時々晴一時雨
2010/9/14,晴時々曇一時雨
2010/9/15,曇一時雨
2010/9/16,大雨一時曇
2010/9/17,曇後晴
2010/9/18,晴後一時薄曇
2010/9/19,薄曇時々晴
2010/9/20,曇時々晴一時雨
2010/9/21,薄曇後晴
2010/9/22,晴一時薄曇
2010/9/23,大雨一時曇、雷を伴う
2010/9/24,曇一時雨
2010/9/25,雨一時曇後晴
2010/9/26,晴後曇
2010/9/27,雨
2010/9/28,雨後時々曇、雷を伴う
2010/9/29,曇一時晴
2010/9/30,雨一時曇
2010/10/1,曇後晴
2010/10/2,晴
2010/10/3,曇時々晴
2010/10/4,曇
2010/10/5,曇時々晴
2010/10/6,晴
2010/10/7,曇時々晴
2010/10/8,晴時々曇
2010/10/9,雨
2010/10/10,雨後曇一時晴
2010/10/11,晴
2010/10/12,曇時々晴一時雨
2010/10/13,曇後晴一時雨
2010/10/14,曇後一時晴
2010/10/15,曇一時雨後晴
2010/10/16,曇後晴
2010/10/17,曇
2010/10/18,薄曇時々晴
2010/10/19,曇
2010/10/20,雨後曇
2010/10/21,雨
2010/10/22,曇
2010/10/23,晴後薄曇
2010/10/24,曇後一時雨
2010/10/25,曇時々雨
2010/10/26,曇時々雨
2010/10/27,晴時々曇
2010/10/28,雨一時曇
2010/10/29,曇
2010/10/30,大雨
2010/10/31,曇時々雨
2010/11/1,曇時々雨後晴
2010/11/2,薄曇一時晴
2010/11/3,快晴
2010/11/4,曇後晴
2010/11/5,快晴
2010/11/6,晴
2010/11/7,曇後晴
2010/11/8,晴
2010/11/9,快晴
2010/11/10,晴
2010/11/11,晴
2010/11/12,晴
2010/11/13,薄曇
2010/11/14,曇
2010/11/15,曇後時々雨
2010/11/16,晴後時々薄曇
2010/11/17,雨時々曇
2010/11/18,晴時々曇
2010/11/19,晴後一時曇
2010/11/20,晴時々曇
2010/11/21,曇一時晴
2010/11/22,曇時々雨
2010/11/23,雨後曇
2010/11/24,薄曇時々晴
2010/11/25,薄曇
2010/11/26,曇
2010/11/27,晴時々曇
2010/11/28,晴後薄曇
2010/11/29,快晴
2010/11/30,薄曇時々晴
2010/12/1,薄曇
2010/12/2,晴後曇
2010/12/3,大雨後晴、雷を伴う
2010/12/4,快晴
2010/12/5,快晴
2010/12/6,曇後晴
2010/12/7,曇
2010/12/8,晴一時雨
2010/12/9,快晴
2010/12/10,快晴
2010/12/11,晴
2010/12/12,晴後一時曇
2010/12/13,曇後雨
2010/12/14,曇時々雨
2010/12/15,晴後曇
2010/12/16,曇一時雨
2010/12/17,晴
2010/12/18,快晴
2010/12/19,曇一時晴
2010/12/20,曇後晴
2010/12/21,曇
2010/12/22,晴時々曇
2010/12/23,快晴
2010/12/24,晴
2010/12/25,快晴
2010/12/26,晴
2010/12/27,快晴
2010/12/28,晴
2010/12/29,晴後一時薄曇
2010/12/30,曇時々晴
2010/12/31,晴
2011/1/1,晴後一時曇
2011/1/2,薄曇後晴
2011/1/3,晴後一時曇
2011/1/4,晴
2011/1/5,晴後薄曇
2011/1/6,晴
2011/1/7,快晴
2011/1/8,快晴
2011/1/9,快晴
2011/1/10,快晴
2011/1/11,晴後曇
2011/1/12,快晴
2011/1/13,快晴
2011/1/14,快晴
2011/1/15,薄曇
2011/1/16,晴
2011/1/17,快晴
2011/1/18,快晴
2011/1/19,快晴
2011/1/20,快晴
2011/1/21,晴
2011/1/22,快晴
2011/1/23,晴後薄曇
2011/1/24,曇後晴
2011/1/25,快晴
2011/1/26,晴
2011/1/27,晴
2011/1/28,晴
2011/1/29,薄曇時々晴
2011/1/30,晴時々曇一時雪
2011/1/31,快晴
2011/2/1,快晴
2011/2/2,曇一時晴
2011/2/3,快晴
2011/2/4,快晴
2011/2/5,薄曇時々晴
2011/2/6,晴後曇
2011/2/7,快晴
2011/2/8,曇
2011/2/9,みぞれ後晴
2011/2/10,曇時々晴
2011/2/11,雪
2011/2/12,曇後みぞれ一時雪
2011/2/13,快晴
2011/2/14,曇時々雨一時雪
2011/2/15,晴一時雨
2011/2/16,快晴
2011/2/17,曇
2011/2/18,雨一時曇後晴
2011/2/19,曇
2011/2/20,曇
2011/2/21,曇後晴
2011/2/22,晴
2011/2/23,快晴
2011/2/24,雨時々曇
2011/2/25,晴後一時薄曇
2011/2/26,快晴
2011/2/27,晴後一時曇
2011/2/28,雨後一時みぞれ、あられを伴う
2011/3/1,曇時々雨
2011/3/2,曇一時雨
2011/3/3,晴後曇
2011/3/4,晴後一時曇
2011/3/5,晴後一時薄曇
2011/3/6,薄曇時々晴
2011/3/7,雨時々みぞれ一時雪
2011/3/8,曇時々晴
2011/3/9,晴
2011/3/10,晴後一時曇
2011/3/11,晴一時曇
2011/3/12,晴時々薄曇
2011/3/13,快晴
2011/3/14,薄曇
2011/3/15,曇
2011/3/16,晴時々曇
2011/3/17,晴
2011/3/18,晴
2011/3/19,晴一時曇
2011/3/20,曇時々晴
2011/3/21,雨
2011/3/22,雨
2011/3/23,曇時々雨
2011/3/24,曇後時々晴
2011/3/25,晴後一時曇
2011/3/26,快晴
2011/3/27,晴
2011/3/28,快晴
2011/3/29,快晴
2011/3/30,晴
2011/3/31,晴後一時雨
2011/4/1,快晴
2011/4/2,薄曇後時々晴
2011/4/3,曇
2011/4/4,晴
2011/4/5,快晴
2011/4/6,快晴
2011/4/7,曇後一時晴
2011/4/8,曇
2011/4/9,曇時々雨
2011/4/10,曇時々晴
2011/4/11,曇時々晴後一時雨
2011/4/12,快晴
2011/4/13,快晴
2011/4/14,快晴
2011/4/15,晴後曇
2011/4/16,薄曇時々晴後一時雨
2011/4/17,晴後薄曇
2011/4/18,曇
2011/4/19,曇時々雨一時晴
2011/4/20,晴後時々曇
2011/4/21,曇一時晴
2011/4/22,曇後一時雨
2011/4/23,雨
2011/4/24,晴
2011/4/25,晴一時曇
2011/4/26,晴後一時薄曇
2011/4/27,晴後曇
2011/4/28,晴
2011/4/29,晴後一時雨
2011/4/30,薄曇一時晴
2011/5/1,曇後時々雨
2011/5/2,薄曇後一時晴
2011/5/3,曇後雨
2011/5/4,晴後一時薄曇
2011/5/5,曇
2011/5/6,曇
2011/5/7,雨時々曇
2011/5/8,晴
2011/5/9,薄曇一時晴
2011/5/10,曇後雨
2011/5/11,雨
2011/5/12,雨一時曇
2011/5/13,曇後一時晴
2011/5/14,晴後一時雨
2011/5/15,晴後薄曇
2011/5/16,薄曇
2011/5/17,曇後雨、雷を伴う
2011/5/18,晴
2011/5/19,快晴
2011/5/20,晴一時薄曇
2011/5/21,晴
2011/5/22,曇後雨
2011/5/23,曇時々雨
2011/5/24,雨後晴
2011/5/25,薄曇一時晴
2011/5/26,曇
2011/5/27,曇一時雨
2011/5/28,雨
2011/5/29,大雨
2011/5/30,雨後曇
2011/5/31,曇一時晴
2011/6/1,曇
2011/6/2,雨
2011/6/3,薄曇
2011/6/4,晴後一時薄曇
2011/6/5,曇
2011/6/6,晴
2011/6/7,曇
2011/6/8,雨後曇
2011/6/9,曇時々晴
2011/6/10,曇
2011/6/11,雨後曇
2011/6/12,曇
2011/6/13,曇時々雨
2011/6/14,曇
2011/6/15,曇
2011/6/16,曇時々雨
2011/6/17,雨後一時曇
2011/6/18,曇後雨
2011/6/19,曇
2011/6/20,曇後時々雨
2011/6/21,薄曇一時雨
2011/6/22,晴後一時曇
2011/6/23,曇時々雨
2011/6/24,薄曇
2011/6/25,曇後一時雨
2011/6/26,曇
2011/6/27,曇時々雨
2011/6/28,曇後晴
2011/6/29,晴
2011/6/30,晴後一時雨、雷を伴う
2011/7/1,曇後一時雨、雷を伴う
2011/7/2,曇後一時晴
2011/7/3,薄曇
2011/7/4,薄曇一時晴
2011/7/5,晴時々曇
2011/7/6,薄曇一時晴
2011/7/7,曇
2011/7/8,曇一時雨
2011/7/9,曇後晴
2011/7/10,快晴
2011/7/11,晴
2011/7/12,晴一時曇
2011/7/13,晴
2011/7/14,晴
2011/7/15,快晴
2011/7/16,晴
2011/7/17,快晴
2011/7/18,曇後一時雨
2011/7/19,雨時々曇
2011/7/20,雨後一時曇
2011/7/21,雨後曇
2011/7/22,曇時々晴
2011/7/23,曇
2011/7/24,曇一時晴
2011/7/25,薄曇一時晴
2011/7/26,曇一時晴
2011/7/27,曇一時雨
2011/7/28,曇一時雨
2011/7/29,雨後曇
2011/7/30,曇一時晴
2011/7/31,曇一時雨
2011/8/1,曇
2011/8/2,曇
2011/8/3,曇後時々雨
2011/8/4,曇時々晴一時雨
2011/8/5,晴一時曇
2011/8/6,曇後一時雨
2011/8/7,薄曇後一時雨、雷を伴う
2011/8/8,晴後薄曇
2011/8/9,晴時々薄曇
2011/8/10,晴
2011/8/11,晴後一時雨、雷を伴う
2011/8/12,晴
2011/8/13,晴後薄曇
2011/8/14,曇後晴
2011/8/15,晴
2011/8/16,晴後時々薄曇
2011/8/17,晴時々薄曇
2011/8/18,晴後薄曇
2011/8/19,大雨一時曇、雷を伴う
2011/8/20,曇
2011/8/21,雨
2011/8/22,雨時々曇
2011/8/23,曇一時霧雨後晴
2011/8/24,曇後晴
2011/8/25,雨後曇
2011/8/26,曇後大雨、雷を伴う
2011/8/27,曇
2011/8/28,晴
2011/8/29,晴時々曇
2011/8/30,晴後一時曇
2011/8/31,曇
2011/9/1,曇
2011/9/2,曇時々雨一時晴
2011/9/3,曇一時雨
2011/9/4,曇一時雨
2011/9/5,曇一時雨
2011/9/6,曇時々晴後一時雨
2011/9/7,晴一時曇
2011/9/8,曇後晴
2011/9/9,晴時々曇
2011/9/10,晴
2011/9/11,薄曇時々晴
2011/9/12,晴
2011/9/13,晴
2011/9/14,晴
2011/9/15,晴
2011/9/16,薄曇時々晴
2011/9/17,曇後一時晴
2011/9/18,晴
2011/9/19,曇時々晴
2011/9/20,雨時々曇
2011/9/21,暴風雨
2011/9/22,晴後雨
2011/9/23,曇後一時晴
2011/9/24,晴後一時曇
2011/9/25,曇後一時晴
2011/9/26,曇後雨
2011/9/27,曇後一時晴
2011/9/28,晴一時薄曇
2011/9/29,晴
2011/9/30,晴時々曇
2011/10/1,曇一時晴
2011/10/2,曇
2011/10/3,晴一時曇
2011/10/4,晴後一時曇
2011/10/5,雨
2011/10/6,晴一時雨
2011/10/7,晴
2011/10/8,晴時々曇
2011/10/9,晴時々曇
2011/10/10,晴一時曇
2011/10/11,薄曇
2011/10/12,晴一時薄曇
2011/10/13,曇
2011/10/14,晴後曇
2011/10/15,曇時々雨
2011/10/16,曇後晴
2011/10/17,曇後一時晴
2011/10/18,曇後晴
2011/10/19,曇
2011/10/20,曇
2011/10/21,曇後時々雨
2011/10/22,曇時々雨
2011/10/23,曇後一時晴
2011/10/24,曇一時晴
2011/10/25,曇後時々晴
2011/10/26,晴
2011/10/27,快晴
2011/10/28,晴
2011/10/29,晴
2011/10/30,曇後一時雨
2011/10/31,晴一時雨
2011/11/1,晴
2011/11/2,晴後薄曇
2011/11/3,曇
2011/11/4,晴一時曇
2011/11/5,曇一時晴
2011/11/6,曇後時々雨
2011/11/7,晴後一時曇
2011/11/8,曇一時晴
2011/11/9,曇一時晴
2011/11/10,曇
2011/11/11,雨
2011/11/12,曇時々晴
2011/11/13,晴一時薄曇
2011/11/14,晴時々曇
2011/11/15,曇後時々晴
2011/11/16,晴後一時曇
2011/11/17,晴
2011/11/18,曇後一時晴
2011/11/19,大雨
2011/11/20,晴時々曇一時雨、雷を伴う
2011/11/21,晴
2011/11/22,晴一時曇
2011/11/23,晴後一時曇
2011/11/24,晴
2011/11/25,快晴
2011/11/26,晴後一時曇
2011/11/27,薄曇
2011/11/28,曇
2011/11/29,曇
2011/11/30,晴時々曇
2011/12/1,雨後時々曇
2011/12/2,雨後曇
2011/12/3,大雨後曇
2011/12/4,快晴
2011/12/5,晴
2011/12/6,曇後雨
2011/12/7,晴時々薄曇
2011/12/8,曇後雨
2011/12/9,雨後晴、あられを伴う
2011/12/10,晴
2011/12/11,快晴
2011/12/12,晴
2011/12/13,快晴
2011/12/14,曇一時雨
2011/12/15,快晴
2011/12/16,晴後一時曇
2011/12/17,快晴
2011/12/18,晴
2011/12/19,晴
2011/12/20,快晴
2011/12/21,曇後晴
2011/12/22,曇
2011/12/23,晴時々曇
2011/12/24,晴一時曇
2011/12/25,晴後時々曇
2011/12/26,晴
2011/12/27,快晴
2011/12/28,薄曇後晴
2011/12/29,快晴
2011/12/30,快晴
2011/12/31,晴
2012/1/1,曇
2012/1/2,曇後晴
2012/1/3,晴時々曇
2012/1/4,晴後一時曇
2012/1/5,快晴
2012/1/6,晴一時曇
2012/1/7,快晴
2012/1/8,晴一時曇
2012/1/9,快晴
2012/1/10,薄曇一時晴
2012/1/11,曇時々晴
2012/1/12,晴後時々曇
2012/1/13,晴
2012/1/14,晴
2012/1/15,曇
2012/1/16,曇
2012/1/17,曇後晴
2012/1/18,晴後薄曇
2012/1/19,曇
2012/1/20,みぞれ後一時雨
2012/1/21,雨時々みぞれ
2012/1/22,雨後曇
2012/1/23,雨時々曇
2012/1/24,晴後一時曇
2012/1/25,晴後一時曇
2012/1/26,快晴
2012/1/27,晴
2012/1/28,晴
2012/1/29,晴一時曇
2012/1/30,晴
2012/1/31,晴
2012/2/1,晴後一時曇
2012/2/2,晴
2012/2/3,快晴
2012/2/4,快晴
2012/2/5,晴時々曇
2012/2/6,雨時々曇
2012/2/7,雨後曇
2012/2/8,曇
2012/2/9,晴
2012/2/10,晴
2012/2/11,晴後一時曇
2012/2/12,快晴
2012/2/13,曇
2012/2/14,雨一時曇
2012/2/15,曇
2012/2/16,曇後時々雨、あられを伴う
2012/2/17,晴時々曇
2012/2/18,快晴
2012/2/19,晴
2012/2/20,晴
2012/2/21,晴
2012/2/22,晴後曇
2012/2/23,雨後晴
2012/2/24,晴時々曇
2012/2/25,雨後曇
2012/2/26,曇
2012/2/27,晴後一時曇
2012/2/28,薄曇一時晴
2012/2/29,雪後時々雨一時曇
2012/3/1,曇時々晴
2012/3/2,雨一時曇
2012/3/3,晴時々曇
2012/3/4,曇
2012/3/5,大雨後一時曇
2012/3/6,曇一時雨後晴
2012/3/7,曇
2012/3/8,雨後曇
2012/3/9,雨
2012/3/10,雨時々みぞれ後一時曇
2012/3/11,晴時々曇
2012/3/12,晴一時曇
2012/3/13,晴
2012/3/14,晴
2012/3/15,晴
2012/3/16,薄曇一時晴
2012/3/17,雨
2012/3/18,曇後時々雨
2012/3/19,晴後曇
2012/3/20,晴後一時薄曇
2012/3/21,快晴
2012/3/22,曇
2012/3/23,雨一時曇
2012/3/24,雨後一時晴
2012/3/25,晴一時曇
2012/3/26,晴後曇
2012/3/27,快晴
2012/3/28,晴後一時雨
2012/3/29,快晴
2012/3/30,曇後一時晴
2012/3/31,雨時々曇
2012/4/1,晴
2012/4/2,晴
2012/4/3,曇後雨
2012/4/4,晴
2012/4/5,晴一時薄曇
2012/4/6,晴時々曇
2012/4/7,晴後時々曇
2012/4/8,晴
2012/4/9,晴後一時薄曇
2012/4/10,薄曇
2012/4/11,雨時々曇
2012/4/12,晴後一時薄曇
2012/4/13,曇
2012/4/14,雨
2012/4/15,薄曇一時晴
2012/4/16,薄曇
2012/4/17,曇後時々雨、雷を伴う
2012/4/18,晴後一時曇
2012/4/19,曇一時晴
2012/4/20,曇一時雨
2012/4/21,曇
2012/4/22,曇時々雨
2012/4/23,雨
2012/4/24,晴一時曇
2012/4/25,曇一時晴
2012/4/26,雨時々曇
2012/4/27,雨後一時霧雨
2012/4/28,曇後晴
2012/4/29,晴後薄曇
2012/4/30,曇
2012/5/1,曇時々雨
2012/5/2,雨一時曇
2012/5/3,大雨
2012/5/4,曇時々雨
2012/5/5,晴
2012/5/6,晴後一時雨、雷を伴う
2012/5/7,晴一時薄曇
2012/5/8,晴後薄曇
2012/5/9,曇後雨、雷を伴う
2012/5/10,晴後曇一時雨、雷を伴う
2012/5/11,晴後時々薄曇
2012/5/12,晴一時曇
2012/5/13,晴後曇
2012/5/14,薄曇後一時晴
2012/5/15,雨一時曇
2012/5/16,晴一時曇
2012/5/17,曇後一時晴
2012/5/18,晴時々曇一時雨、雷を伴う
2012/5/19,晴後一時薄曇
2012/5/20,薄曇
2012/5/21,曇
2012/5/22,雨、雷を伴う
2012/5/23,曇時々晴
2012/5/24,薄曇一時晴
2012/5/25,曇時々雨
2012/5/26,薄曇
2012/5/27,晴
2012/5/28,晴後一時雨、雷を伴う
2012/5/29,晴時々曇
2012/5/30,晴時々薄曇
2012/5/31,薄曇
2012/6/1,曇時々晴一時雨、雷を伴う
2012/6/2,薄曇一時晴
2012/6/3,曇後一時晴
2012/6/4,晴後薄曇
2012/6/5,曇
2012/6/6,雨後曇
2012/6/7,薄曇
2012/6/8,晴時々薄曇
2012/6/9,雨
2012/6/10,曇時々晴一時雨
2012/6/11,曇
2012/6/12,曇後雨
2012/6/13,曇
2012/6/14,曇後晴
2012/6/15,薄曇一時晴
2012/6/16,雨時々曇
2012/6/17,曇一時雨
2012/6/18,曇後晴
2012/6/19,曇後雨
2012/6/20,曇
2012/6/21,雨時々曇
2012/6/22,雨後曇
2012/6/23,曇
2012/6/24,曇一時晴
2012/6/25,曇
2012/6/26,晴
2012/6/27,薄曇
2012/6/28,曇
2012/6/29,曇後晴
2012/6/30,晴後時々薄曇
2012/7/1,雨時々曇
2012/7/2,曇時々雨後晴
2012/7/3,曇後雨
2012/7/4,晴
2012/7/5,曇
2012/7/6,曇後時々雨
2012/7/7,雨時々曇一時霧雨
2012/7/8,曇一時雨
2012/7/9,晴
2012/7/10,晴
2012/7/11,薄曇時々晴
2012/7/12,雨時々曇
2012/7/13,曇一時晴
2012/7/14,曇時々晴
2012/7/15,曇時々晴
2012/7/16,薄曇後時々晴
2012/7/17,晴後一時薄曇
2012/7/18,薄曇
2012/7/19,薄曇時々晴
2012/7/20,曇後時々雨
2012/7/21,曇時々雨
2012/7/22,曇
2012/7/23,曇時々晴
2012/7/24,曇後一時雨
2012/7/25,薄曇時々晴
2012/7/26,晴
2012/7/27,晴時々曇
2012/7/28,晴
2012/7/29,薄曇一時晴
2012/7/30,晴
2012/7/31,晴
2012/8/1,曇時々晴
2012/8/2,晴
2012/8/3,晴時々曇
2012/8/4,曇後一時雨
2012/8/5,晴
2012/8/6,曇時々雨、雷を伴う
2012/8/7,晴後時々曇
2012/8/8,晴一時曇
2012/8/9,晴
2012/8/10,薄曇
2012/8/11,曇
2012/8/12,曇後晴
2012/8/13,晴後一時薄曇
2012/8/14,曇時々雨
2012/8/15,曇
2012/8/16,曇時々晴
2012/8/17,晴時々薄曇
2012/8/18,曇一時雨、雷を伴う
2012/8/19,晴
2012/8/20,晴
2012/8/21,快晴
2012/8/22,晴
2012/8/23,晴
2012/8/24,晴
2012/8/25,晴
2012/8/26,晴後一時薄曇
2012/8/27,晴
2012/8/28,薄曇後時々晴
2012/8/29,薄曇
2012/8/30,晴一時薄曇
2012/8/31,晴
2012/9/1,曇時々雨
2012/9/2,曇時々雨、雷を伴う
2012/9/3,曇
2012/9/4,曇後晴
2012/9/5,薄曇時々晴
2012/9/6,曇後一時雨、雷を伴う
2012/9/7,晴
2012/9/8,晴時々曇
2012/9/9,晴
2012/9/10,晴時々薄曇
2012/9/11,晴
2012/9/12,晴時々薄曇
2012/9/13,晴一時薄曇
2012/9/14,晴
2012/9/15,晴時々曇
2012/9/16,曇後晴
2012/9/17,晴時々雨
2012/9/18,曇時々晴
2012/9/19,曇時々雨
2012/9/20,晴
2012/9/21,曇時々雨、雷を伴う
2012/9/22,曇一時雨
2012/9/23,大雨
2012/9/24,晴後一時曇
2012/9/25,曇
2012/9/26,薄曇
2012/9/27,曇
2012/9/28,曇時々雨
2012/9/29,晴時々曇
2012/9/30,薄曇後一時雨
2012/10/1,快晴
2012/10/2,晴時々曇
2012/10/3,雨時々曇
2012/10/4,晴一時雨
2012/10/5,晴後一時薄曇
2012/10/6,曇後晴
2012/10/7,雨後晴時々曇
2012/10/8,晴後時々曇
2012/10/9,曇後時々晴
2012/10/10,晴時々曇
2012/10/11,晴時々曇
2012/10/12,晴後薄曇
2012/10/13,薄曇時々晴
2012/10/14,曇時々雨
2012/10/15,晴後一時曇
2012/10/16,晴
2012/10/17,曇一時雨
2012/10/18,雨時々曇
2012/10/19,晴一時曇
2012/10/20,晴
2012/10/21,快晴
2012/10/22,晴一時薄曇
2012/10/23,曇時々雨
2012/10/24,晴
2012/10/25,曇後一時晴
2012/10/26,晴後一時薄曇
2012/10/27,晴時々曇
2012/10/28,曇時々雨
2012/10/29,晴
2012/10/30,曇後一時晴
2012/10/31,晴時々曇
2012/11/1,晴
2012/11/2,晴
2012/11/3,曇後晴
2012/11/4,晴後一時薄曇
2012/11/5,曇
2012/11/6,大雨後一時曇
2012/11/7,晴
2012/11/8,晴
2012/11/9,曇後時々晴
2012/11/10,快晴
2012/11/11,曇後一時雨
2012/11/12,霧雨時々曇後晴
2012/11/13,晴時々曇
2012/11/14,晴後一時曇
2012/11/15,薄曇時々晴
2012/11/16,快晴
2012/11/17,曇後雨
2012/11/18,快晴
2012/11/19,曇後一時晴
2012/11/20,晴後一時薄曇
2012/11/21,晴
2012/11/22,曇後一時晴
2012/11/23,雨時々曇
2012/11/24,曇一時雨後晴
2012/11/25,晴後一時薄曇
2012/11/26,雨一時曇
2012/11/27,快晴
2012/11/28,曇時々雨
2012/11/29,曇一時晴
2012/11/30,曇
2012/12/1,曇時々雨後晴
2012/12/2,晴後曇
2012/12/3,曇
2012/12/4,曇時々雨後晴
2012/12/5,晴後時々曇
2012/12/6,晴
2012/12/7,晴
2012/12/8,快晴
2012/12/9,晴
2012/12/10,晴
2012/12/11,晴
2012/12/12,晴
2012/12/13,快晴
2012/12/14,薄曇時々晴
2012/12/15,曇時々雨
2012/12/16,快晴
2012/12/17,曇時々雨
2012/12/18,曇時々晴
2012/12/19,晴時々曇
2012/12/20,晴
2012/12/21,曇一時晴
2012/12/22,雨後一時晴
2012/12/23,曇後一時晴
2012/12/24,晴
2012/12/25,快晴
2012/12/26,晴
2012/12/27,晴
2012/12/28,曇後時々雨
2012/12/29,晴時々曇
2012/12/30,雨
2012/12/31,曇後晴
2013/1/1,晴
2013/1/2,快晴
2013/1/3,曇時々晴
2013/1/4,快晴
2013/1/5,曇
2013/1/6,薄曇一時晴
2013/1/7,晴時々曇
2013/1/8,晴
2013/1/9,晴時々曇
2013/1/10,晴
2013/1/11,快晴
2013/1/12,晴一時曇
2013/1/13,晴時々薄曇
2013/1/14,雪一時雨
2013/1/15,晴後一時薄曇
2013/1/16,曇後晴
2013/1/17,晴時々薄曇
2013/1/18,快晴
2013/1/19,快晴
2013/1/20,快晴
2013/1/21,薄曇
2013/1/22,雨後晴
2013/1/23,曇
2013/1/24,曇時々晴
2013/1/25,晴後一時曇
2013/1/26,晴一時曇
2013/1/27,快晴
2013/1/28,晴一時雪
2013/1/29,快晴
2013/1/30,快晴
2013/1/31,晴一時薄曇
2013/2/1,晴後曇
2013/2/2,曇一時雨
2013/2/3,晴
2013/2/4,晴時々曇一時雨
2013/2/5,曇時々晴
2013/2/6,みぞれ時々雪後雨
2013/2/7,薄曇時々晴
2013/2/8,曇後晴
2013/2/9,薄曇
2013/2/10,晴
2013/2/11,晴
2013/2/12,曇後一時雨
2013/2/13,晴一時曇
2013/2/14,曇後時々晴
2013/2/15,曇後雨
2013/2/16,快晴
2013/2/17,晴時々薄曇
2013/2/18,雨時々曇
2013/2/19,雪時々曇
2013/2/20,曇後晴
2013/2/21,晴
2013/2/22,薄曇時々晴
2013/2/23,晴
2013/2/24,快晴
2013/2/25,快晴
2013/2/26,快晴
2013/2/27,雨後曇一時晴
2013/2/28,曇後晴
2013/3/1,曇
2013/3/2,晴
2013/3/3,曇一時晴
2013/3/4,曇後時々晴
2013/3/5,快晴
2013/3/6,快晴
2013/3/7,曇時々晴
2013/3/8,晴後薄曇
2013/3/9,快晴
2013/3/10,曇一時晴
2013/3/11,快晴
2013/3/12,快晴
2013/3/13,薄曇後一時晴
2013/3/14,曇一時雨後晴、あられを伴う
2013/3/15,晴
2013/3/16,晴
2013/3/17,晴後一時薄曇
2013/3/18,曇一時晴
2013/3/19,晴
2013/3/20,曇一時晴
2013/3/21,快晴
2013/3/22,晴時々曇
2013/3/23,薄曇時々晴
2013/3/24,曇
2013/3/25,雨後時々曇
2013/3/26,曇時々晴
2013/3/27,雨後曇
2013/3/28,曇
2013/3/29,曇
2013/3/30,曇
2013/3/31,雨後曇
2013/4/1,曇一時晴
2013/4/2,雨
2013/4/3,大雨後曇
2013/4/4,晴後時々曇
2013/4/5,晴一時曇
2013/4/6,曇時々雨
2013/4/7,晴
2013/4/8,快晴
2013/4/9,晴時々薄曇
2013/4/10,曇
2013/4/11,晴後一時雨
2013/4/12,晴
2013/4/13,快晴
2013/4/14,薄曇
2013/4/15,晴
2013/4/16,晴時々薄曇
2013/4/17,曇
2013/4/18,晴
2013/4/19,曇
2013/4/20,曇後雨
2013/4/21,雨後曇
2013/4/22,晴後一時曇
2013/4/23,薄曇一時晴
2013/4/24,雨
2013/4/25,曇
2013/4/26,晴時々曇
2013/4/27,晴
2013/4/28,快晴
2013/4/29,薄曇一時晴
2013/4/30,曇一時雨
2013/5/1,曇時々晴後一時雨
2013/5/2,晴時々曇一時雨
2013/5/3,晴
2013/5/4,晴後一時曇
2013/5/5,快晴
2013/5/6,晴後一時雨、雷を伴う
2013/5/7,晴
2013/5/8,快晴
2013/5/9,快晴
2013/5/10,薄曇
2013/5/11,雨一時曇
2013/5/12,晴時々薄曇
2013/5/13,曇一時晴
2013/5/14,晴後一時薄曇
2013/5/15,晴
2013/5/16,晴時々曇一時雨
2013/5/17,快晴
2013/5/18,晴時々曇
2013/5/19,薄曇
2013/5/20,霧雨一時雨
2013/5/21,曇一時晴
2013/5/22,晴
2013/5/23,晴一時曇
2013/5/24,快晴
2013/5/25,曇一時晴
2013/5/26,曇後晴
2013/5/27,薄曇一時晴
2013/5/28,曇
2013/5/29,曇時々雨
2013/5/30,曇時々雨
2013/5/31,晴時々薄曇
2013/6/1,曇一時晴
2013/6/2,曇後晴
2013/6/3,薄曇後晴
2013/6/4,快晴
2013/6/5,晴時々薄曇
2013/6/6,薄曇
2013/6/7,曇一時雨後晴
2013/6/8,曇一時雨後晴
2013/6/9,晴後薄曇
2013/6/10,曇
2013/6/11,雨一時曇
2013/6/12,雨後曇
2013/6/13,雨
2013/6/14,曇一時雨
2013/6/15,曇
2013/6/16,雨後薄曇
2013/6/17,曇時々晴
2013/6/18,薄曇後一時雨
2013/6/19,曇
2013/6/20,雨時々曇
2013/6/21,曇後雨
2013/6/22,薄曇一時晴
2013/6/23,曇
2013/6/24,曇一時雨
2013/6/25,曇時々雨、雷を伴う
2013/6/26,雨一時曇
2013/6/27,曇後晴
2013/6/28,曇
2013/6/29,曇後晴
2013/6/30,曇
2013/7/1,曇
2013/7/2,晴時々薄曇
2013/7/3,曇後一時雨
2013/7/4,曇
2013/7/5,雨後曇
2013/7/6,薄曇時々晴
2013/7/7,晴後一時雨、雷を伴う
2013/7/8,晴後一時雨、雷を伴う
2013/7/9,晴
2013/7/10,晴後薄曇
2013/7/11,薄曇後晴
2013/7/12,薄曇
2013/7/13,曇
2013/7/14,薄曇後一時大雨、雷を伴う
2013/7/15,曇一時晴
2013/7/16,曇後一時晴
2013/7/17,曇後一時雨
2013/7/18,曇後晴
2013/7/19,晴後薄曇
2013/7/20,曇後一時晴
2013/7/21,曇後一時晴
2013/7/22,曇
2013/7/23,晴後曇一時雨、雷を伴う
2013/7/24,曇後雨
2013/7/25,曇
2013/7/26,曇
2013/7/27,晴
2013/7/28,薄曇一時晴
2013/7/29,雨後一時曇
2013/7/30,曇
2013/7/31,曇
2013/8/1,曇時々雨後一時晴
2013/8/2,曇
2013/8/3,曇時々晴
2013/8/4,曇
2013/8/5,晴一時曇
2013/8/6,曇時々雨、雷を伴う
2013/8/7,晴
2013/8/8,晴後薄曇
2013/8/9,晴
2013/8/10,晴後薄曇
2013/8/11,晴後一時雨、雷を伴う
2013/8/12,晴時々曇、雷を伴う
2013/8/13,晴時々曇
2013/8/14,晴一時曇
2013/8/15,晴
2013/8/16,晴後一時曇
2013/8/17,薄曇
2013/8/18,晴
2013/8/19,晴一時曇
2013/8/20,薄曇時々晴
2013/8/21,曇後一時雨、雷を伴う
2013/8/22,曇後晴
2013/8/23,曇後一時雨、雷を伴う
2013/8/24,曇一時雨
2013/8/25,雨後曇
2013/8/26,曇
2013/8/27,晴
2013/8/28,晴
2013/8/29,晴時々曇
2013/8/30,薄曇
2013/8/31,晴
2013/9/1,晴後一時曇
2013/9/2,晴時々曇
2013/9/3,晴一時曇
2013/9/4,曇時々雨後一時晴、雷を伴う
2013/9/5,曇時々雨、雷を伴う
2013/9/6,曇後一時晴
2013/9/7,曇
2013/9/8,曇時々雨、雷を伴う
2013/9/9,曇後晴
2013/9/10,晴後曇
2013/9/11,曇一時雨
2013/9/12,快晴
2013/9/13,晴
2013/9/14,曇一時晴
2013/9/15,大雨後薄曇、雷を伴う
2013/9/16,雨後曇
2013/9/17,晴
2013/9/18,快晴
2013/9/19,快晴
2013/9/20,快晴
2013/9/21,晴一時薄曇
2013/9/22,晴後薄曇
2013/9/23,曇一時晴
2013/9/24,曇一時雨
2013/9/25,雨一時曇
2013/9/26,曇一時雨
2013/9/27,快晴
2013/9/28,晴後曇
2013/9/29,晴
2013/9/30,晴後曇
2013/10/1,曇時々雨
2013/10/2,雨後曇一時晴
2013/10/3,晴時々曇
2013/10/4,曇時々雨
2013/10/5,雨
2013/10/6,曇
2013/10/7,曇後晴
2013/10/8,晴後薄曇
2013/10/9,曇
2013/10/10,曇後一時晴
2013/10/11,晴一時雨
2013/10/12,晴
2013/10/13,快晴
2013/10/14,晴後曇
2013/10/15,曇後雨
2013/10/16,曇一時雨後晴
2013/10/17,晴後曇
2013/10/18,曇時々晴
2013/10/19,曇後一時雨
2013/10/20,大雨
2013/10/21,曇一時晴
2013/10/22,曇
2013/10/23,曇
2013/10/24,曇時々雨
2013/10/25,曇時々雨
2013/10/26,雨後曇
2013/10/27,快晴
2013/10/28,晴
2013/10/29,曇後雨
2013/10/30,晴一時薄曇
2013/10/31,晴後一時曇
2013/11/1,晴
2013/11/2,曇後雨
2013/11/3,曇
2013/11/4,曇時々雨
2013/11/5,快晴
2013/11/6,晴一時曇
2013/11/7,雨後曇一時晴
2013/11/8,晴
2013/11/9,曇
2013/11/10,曇
2013/11/11,曇後晴一時雨
2013/11/12,曇後晴
2013/11/13,晴後一時曇
2013/11/14,晴後曇
2013/11/15,曇時々雨
2013/11/16,快晴
2013/11/17,晴
2013/11/18,晴
2013/11/19,晴
2013/11/20,快晴
2013/11/21,快晴
2013/11/22,晴
2013/11/23,快晴
2013/11/24,快晴
2013/11/25,曇後一時雨
2013/11/26,晴
2013/11/27,曇後晴
2013/11/28,晴時々曇
2013/11/29,快晴
2013/11/30,晴
2013/12/1,晴
2013/12/2,快晴
2013/12/3,快晴
2013/12/4,晴時々曇
2013/12/5,快晴
2013/12/6,薄曇後晴
2013/12/7,晴
2013/12/8,曇時々晴
2013/12/9,曇
2013/12/10,曇一時雨、雷を伴う
2013/12/11,曇時々晴
2013/12/12,晴
2013/12/13,晴
2013/12/14,快晴
2013/12/15,快晴
2013/12/16,晴後薄曇
2013/12/17,薄曇
2013/12/18,曇後雨
2013/12/19,雨
2013/12/20,雨時々曇一時みぞれ、ひょうを伴う
2013/12/21,晴
2013/12/22,快晴
2013/12/23,曇一時晴
2013/12/24,晴
2013/12/25,快晴
2013/12/26,曇
2013/12/27,曇時々雨
2013/12/28,晴
2013/12/29,快晴
2013/12/30,晴後一時薄曇
2013/12/31,快晴
2014/1/1,晴
2014/1/2,快晴
2014/1/3,曇後晴
2014/1/4,薄曇後一時晴
2014/1/5,曇
2014/1/6,快晴
2014/1/7,晴後一時曇
2014/1/8,曇時々晴一時雨
2014/1/9,曇一時雨
2014/1/10,快晴
2014/1/11,快晴
2014/1/12,晴時々曇
2014/1/13,快晴
2014/1/14,晴一時曇
2014/1/15,曇
2014/1/16,快晴
2014/1/17,晴一時曇
2014/1/18,晴時々曇
2014/1/19,快晴
2014/1/20,晴一時曇
2014/1/21,晴後曇
2014/1/22,晴後一時曇
2014/1/23,快晴
2014/1/24,晴後一時曇
2014/1/25,薄曇
2014/1/26,晴時々曇一時雨
2014/1/27,快晴
2014/1/28,晴
2014/1/29,快晴
2014/1/30,曇時々雨
2014/1/31,快晴
2014/2/1,晴後一時薄曇
2014/2/2,曇一時雨
2014/2/3,薄曇時々晴
2014/2/4,雨後みぞれ一時雪
2014/2/5,晴
2014/2/6,曇
2014/2/7,晴時々曇
2014/2/8,大雪
2014/2/9,曇後晴
2014/2/10,曇
2014/2/11,曇一時雪、あられを伴う
2014/2/12,曇後一時晴
2014/2/13,曇
2014/2/14,雪
2014/2/15,大雨後曇
2014/2/16,晴一時曇
2014/2/17,晴
2014/2/18,薄曇後晴
2014/2/19,薄曇一時晴
2014/2/20,薄曇
2014/2/21,快晴
2014/2/22,晴一時曇
2014/2/23,曇後一時晴
2014/2/24,曇後一時晴
2014/2/25,快晴
2014/2/26,晴
2014/2/27,雨後曇
2014/2/28,曇時々晴
2014/3/1,雨後曇
2014/3/2,雨一時曇
2014/3/3,曇一時雨後晴
2014/3/4,晴後時々薄曇
2014/3/5,雨
2014/3/6,晴
2014/3/7,晴時々曇一時雪
2014/3/8,快晴
2014/3/9,曇後晴
2014/3/10,晴後曇
2014/3/11,快晴
2014/3/12,晴後一時薄曇
2014/3/13,雨一時曇
2014/3/14,曇
2014/3/15,晴
2014/3/16,快晴
2014/3/17,快晴
2014/3/18,晴
2014/3/19,曇一時晴
2014/3/20,雨
2014/3/21,晴後一時曇
2014/3/22,晴
2014/3/23,晴
2014/3/24,快晴
2014/3/25,快晴
2014/3/26,曇
2014/3/27,雨時々曇
2014/3/28,快晴
2014/3/29,薄曇
2014/3/30,雨一時曇
2014/3/31,晴時々薄曇
2014/4/1,晴時々薄曇
2014/4/2,薄曇一時晴
2014/4/3,大雨
2014/4/4,晴時々曇一時雨、雷を伴う
2014/4/5,晴一時曇
2014/4/6,晴時々曇一時雨、雷を伴う
2014/4/7,晴後一時薄曇
2014/4/8,快晴
2014/4/9,晴後一時薄曇
2014/4/10,晴
2014/4/11,晴
2014/4/12,晴時々薄曇
2014/4/13,薄曇
2014/4/14,晴一時曇
2014/4/15,快晴
2014/4/16,薄曇
2014/4/17,晴後時々薄曇
2014/4/18,雨時々曇
2014/4/19,晴後曇
2014/4/20,曇後一時雨
2014/4/21,雨一時曇
2014/4/22,曇一時晴後時々雨
2014/4/23,晴
2014/4/24,晴
2014/4/25,晴後一時薄曇
2014/4/26,快晴
2014/4/27,晴
2014/4/28,曇
2014/4/29,曇後一時雨
2014/4/30,雨
2014/5/1,曇一時雨後晴
2014/5/2,晴
2014/5/3,晴後薄曇
2014/5/4,晴後一時薄曇
2014/5/5,雨時々曇
2014/5/6,曇一時雨
2014/5/7,晴
2014/5/8,薄曇
2014/5/9,晴後一時雨、雷・ひょうを伴う
2014/5/10,晴
2014/5/11,晴時々薄曇
2014/5/12,薄曇
2014/5/13,雨後曇一時晴
2014/5/14,薄曇
2014/5/15,曇時々雨後一時晴
2014/5/16,晴後一時雨
2014/5/17,晴
2014/5/18,晴一時薄曇
2014/5/19,薄曇
2014/5/20,薄曇
2014/5/21,大雨
2014/5/22,晴時々雨、雷を伴う
2014/5/23,薄曇
2014/5/24,晴後一時薄曇
2014/5/25,薄曇
2014/5/26,薄曇
2014/5/27,曇一時雨
2014/5/28,薄曇
2014/5/29,晴時々薄曇
2014/5/30,薄曇後晴
2014/5/31,快晴
2014/6/1,快晴
2014/6/2,晴後薄曇
2014/6/3,薄曇
2014/6/4,晴時々薄曇
2014/6/5,雨時々曇
2014/6/6,大雨
2014/6/7,雨
2014/6/8,雨後時々曇
2014/6/9,曇後時々雨
2014/6/10,曇
2014/6/11,雨時々曇
2014/6/12,雨後時々曇
2014/6/13,晴後一時雨、雷を伴う
2014/6/14,晴後一時薄曇
2014/6/15,晴
2014/6/16,薄曇時々晴
2014/6/17,薄曇
2014/6/18,曇時々雨
2014/6/19,晴
2014/6/20,薄曇時々晴
2014/6/21,曇
2014/6/22,雨後曇
2014/6/23,曇
2014/6/24,曇時々雨、雷を伴う
2014/6/25,曇時々雨、雷を伴う
2014/6/26,曇
2014/6/27,曇時々雨
2014/6/28,雨時々曇
2014/6/29,曇時々雨後一時晴、雷を伴う
2014/6/30,曇
2014/7/1,曇後晴
2014/7/2,晴時々曇
2014/7/3,曇後一時雨
2014/7/4,雨時々曇
2014/7/5,曇時々雨
2014/7/6,薄曇
2014/7/7,雨時々曇
2014/7/8,晴
2014/7/9,曇時々雨
2014/7/10,曇後一時雨
2014/7/11,曇時々晴
2014/7/12,晴後一時薄曇
2014/7/13,曇
2014/7/14,曇一時雨後晴
2014/7/15,晴一時曇
2014/7/16,晴
2014/7/17,曇一時晴
2014/7/18,曇
2014/7/19,曇時々雨
2014/7/20,曇後一時大雨、雷を伴う
2014/7/21,曇後時々晴
2014/7/22,薄曇一時晴
2014/7/23,薄曇
2014/7/24,曇後一時雨
2014/7/25,晴
2014/7/26,晴
2014/7/27,晴後一時雨、雷を伴う
2014/7/28,晴一時曇
2014/7/29,晴
2014/7/30,晴
2014/7/31,晴
2014/8/1,薄曇時々晴
2014/8/2,晴
2014/8/3,晴後時々薄曇
2014/8/4,薄曇
2014/8/5,快晴
2014/8/6,快晴
2014/8/7,晴
2014/8/8,曇時々雨
2014/8/9,曇時々雨
2014/8/10,曇時々雨
2014/8/11,晴後一時曇
2014/8/12,曇後雨
2014/8/13,曇一時晴
2014/8/14,曇後雨
2014/8/15,薄曇
2014/8/16,曇時々雨
2014/8/17,曇
2014/8/18,曇後晴
2014/8/19,晴
2014/8/20,晴
2014/8/21,晴時々曇
2014/8/22,晴
2014/8/23,曇一時雨
2014/8/24,薄曇
2014/8/25,曇時々雨
2014/8/26,雨時々曇
2014/8/27,雨後時々曇
2014/8/28,雨後一時曇
2014/8/29,曇時々雨
2014/8/30,曇一時雨
2014/8/31,曇後一時晴
2014/9/1,雨一時曇
2014/9/2,晴後一時曇
2014/9/3,曇
2014/9/4,曇
2014/9/5,曇時々晴
2014/9/6,曇一時晴
2014/9/7,雨後曇
2014/9/8,曇時々雨
2014/9/9,晴時々曇
2014/9/10,曇後一時大雨、雷を伴う
2014/9/11,雨時々曇
2014/9/12,晴後一時曇
2014/9/13,曇後一時雨後晴
2014/9/14,晴
2014/9/15,曇
2014/9/16,晴時々曇
2014/9/17,曇
2014/9/18,曇
2014/9/19,薄曇
2014/9/20,曇時々雨
2014/9/21,晴一時薄曇
2014/9/22,晴時々曇
2014/9/23,晴時々薄曇
2014/9/24,曇後一時雨
2014/9/25,雨後時々曇
2014/9/26,晴
2014/9/27,曇時々晴
2014/9/28,晴
2014/9/29,快晴
2014/9/30,晴
2014/10/1,雨時々曇
2014/10/2,曇後一時雨
2014/10/3,晴
2014/10/4,曇
2014/10/5,大雨
2014/10/6,大雨後晴
2014/10/7,晴時々曇
2014/10/8,晴時々曇
2014/10/9,曇
2014/10/10,薄曇
2014/10/11,薄曇
2014/10/12,曇
2014/10/13,雨時々曇
2014/10/14,晴後一時曇
2014/10/15,雨一時曇
2014/10/16,曇時々晴
2014/10/17,快晴
2014/10/18,晴一時曇
2014/10/19,快晴
2014/10/20,晴後曇一時雨
2014/10/21,雨後曇
2014/10/22,雨
2014/10/23,雨時々曇
2014/10/24,晴一時曇
2014/10/25,晴
2014/10/26,曇時々晴
2014/10/27,曇後一時晴
2014/10/28,晴
2014/10/29,快晴
2014/10/30,晴時々曇
2014/10/31,曇一時雨
2014/11/1,雨
2014/11/2,晴後曇
2014/11/3,曇一時晴
2014/11/4,晴
2014/11/5,曇
2014/11/6,曇後一時雨
2014/11/7,晴
2014/11/8,曇一時雨
2014/11/9,曇一時雨
2014/11/10,晴後曇
2014/11/11,曇後時々雨
2014/11/12,曇時々雨後一時晴
2014/11/13,快晴
2014/11/14,快晴
2014/11/15,快晴
2014/11/16,晴時々薄曇
2014/11/17,曇一時晴
2014/11/18,晴
2014/11/19,快晴
2014/11/20,曇後雨
2014/11/21,晴時々曇
2014/11/22,快晴
2014/11/23,晴
2014/11/24,曇後一時晴
2014/11/25,雨
2014/11/26,雨
2014/11/27,晴
2014/11/28,曇一時晴
2014/11/29,雨時々曇後晴
2014/11/30,曇時々晴
2014/12/1,曇時々雨
2014/12/2,快晴
2014/12/3,晴
2014/12/4,曇後雨
2014/12/5,晴一時曇
2014/12/6,晴後一時曇
2014/12/7,晴一時薄曇
2014/12/8,晴
2014/12/9,快晴
2014/12/10,薄曇
2014/12/11,曇時々雨
2014/12/12,曇一時雨
2014/12/13,晴
2014/12/14,晴後一時みぞれ、あられを伴う
2014/12/15,晴後時々薄曇
2014/12/16,雨一時曇
2014/12/17,晴
2014/12/18,快晴
2014/12/19,快晴
2014/12/20,曇後雨
2014/12/21,曇時々晴
2014/12/22,快晴
2014/12/23,晴後一時薄曇
2014/12/24,薄曇後晴
2014/12/25,曇時々晴
2014/12/26,快晴
2014/12/27,快晴
2014/12/28,晴後薄曇
2014/12/29,雨後時々曇
2014/12/30,晴
2014/12/31,快晴
2015/1/1,曇時々晴一時雪
2015/1/2,晴時々曇
2015/1/3,快晴
2015/1/4,曇後晴
2015/1/5,快晴
2015/1/6,曇後時々雨
2015/1/7,晴時々曇
2015/1/8,快晴
2015/1/9,快晴
2015/1/10,快晴
2015/1/11,快晴
2015/1/12,快晴
2015/1/13,快晴
2015/1/14,晴後曇
2015/1/15,大雨一時曇
2015/1/16,晴後曇
2015/1/17,晴
2015/1/18,快晴
2015/1/19,晴
2015/1/20,快晴
2015/1/21,曇時々雪後雨
2015/1/22,雨一時曇
2015/1/23,晴一時曇
2015/1/24,曇
2015/1/25,晴後薄曇
2015/1/26,曇時々晴
2015/1/27,晴時々曇一時雨
2015/1/28,晴時々曇一時雪
2015/1/29,晴後曇
2015/1/30,雪一時みぞれ後雨
2015/1/31,快晴
2015/2/1,快晴
2015/2/2,快晴
2015/2/3,晴
2015/2/4,晴後時々薄曇
2015/2/5,雨時々みぞれ
2015/2/6,快晴
2015/2/7,曇
2015/2/8,曇一時雨
2015/2/9,曇後時々晴
2015/2/10,快晴
2015/2/11,晴
2015/2/12,快晴
2015/2/13,晴後曇
2015/2/14,快晴
2015/2/15,快晴
2015/2/16,薄曇時々晴
2015/2/17,雨時々曇一時雪
2015/2/18,雨、みぞれを伴う
2015/2/19,晴
2015/2/20,晴
2015/2/21,晴
2015/2/22,曇一時雨
2015/2/23,曇一時雨
2015/2/24,曇
2015/2/25,曇
2015/2/26,雨一時曇
2015/2/27,晴
2015/2/28,晴一時曇
2015/3/1,曇後雨
2015/3/2,快晴
2015/3/3,曇一時雨
2015/3/4,曇時々晴一時雨
2015/3/5,晴
2015/3/6,曇
2015/3/7,曇時々雨
2015/3/8,雨後曇
2015/3/9,雨一時曇
2015/3/10,曇時々晴後一時雨、みぞれを伴う
2015/3/11,晴
2015/3/12,晴一時薄曇
2015/3/13,晴
2015/3/14,曇一時晴
2015/3/15,曇後一時晴
2015/3/16,曇後一時雨
2015/3/17,晴後一時薄曇
2015/3/18,薄曇
2015/3/19,曇後雨
2015/3/20,曇
2015/3/21,曇一時雨後時々晴
2015/3/22,晴
2015/3/23,晴後曇
2015/3/24,晴
2015/3/25,快晴
2015/3/26,快晴
2015/3/27,快晴
2015/3/28,曇後晴
2015/3/29,曇一時雨
2015/3/30,快晴
2015/3/31,晴
2015/4/1,曇時々雨
2015/4/2,晴
2015/4/3,曇一時雨
2015/4/4,曇一時雨
2015/4/5,雨時々曇
2015/4/6,晴時々曇後一時雨
2015/4/7,雨
2015/4/8,雨一時みぞれ
2015/4/9,曇時々晴
2015/4/10,曇後一時雨
2015/4/11,雨後曇
2015/4/12,薄曇一時晴
2015/4/13,雨一時曇
2015/4/14,雨一時曇
2015/4/15,晴時々曇
2015/4/16,晴後薄曇
2015/4/17,晴時々曇一時雨
2015/4/18,薄曇一時晴
2015/4/19,曇後一時雨
2015/4/20,雨時々曇
2015/4/21,曇
2015/4/22,晴後曇一時雨
2015/4/23,晴
2015/4/24,薄曇
2015/4/25,晴時々曇
2015/4/26,晴
2015/4/27,快晴
2015/4/28,晴時々薄曇
2015/4/29,薄曇後時々晴
2015/4/30,曇時々晴
2015/5/1,晴
2015/5/2,快晴
2015/5/3,薄曇時々晴
2015/5/4,晴一時曇
2015/5/5,曇後晴
2015/5/6,晴後薄曇
2015/5/7,曇一時雨後晴
2015/5/8,晴一時曇
2015/5/9,曇一時雨
2015/5/10,晴後時々曇
2015/5/11,晴後薄曇
2015/5/12,曇後一時雨
2015/5/13,晴
2015/5/14,晴後薄曇
2015/5/15,晴後曇
2015/5/16,曇一時雨
2015/5/17,薄曇
2015/5/18,曇
2015/5/19,曇一時雨
2015/5/20,晴時々薄曇
2015/5/21,晴
2015/5/22,薄曇
2015/5/23,薄曇一時晴
2015/5/24,曇後一時晴
2015/5/25,曇一時晴
2015/5/26,晴
2015/5/27,晴後一時薄曇
2015/5/28,曇後一時晴
2015/5/29,曇後時々雨
2015/5/30,晴後時々薄曇
2015/5/31,晴後一時薄曇
2015/6/1,晴後薄曇
2015/6/2,曇時々晴
2015/6/3,雨一時曇
2015/6/4,薄曇後晴
2015/6/5,曇後時々雨
2015/6/6,曇時々雨一時晴
2015/6/7,晴後薄曇
2015/6/8,薄曇
2015/6/9,曇時々雨
2015/6/10,薄曇
2015/6/11,薄曇
2015/6/12,雨後曇
2015/6/13,曇一時晴
2015/6/14,曇一時雨
2015/6/15,薄曇一時晴
2015/6/16,曇
2015/6/17,曇一時雨
2015/6/18,曇後一時雨
2015/6/19,雨
2015/6/20,薄曇一時晴
2015/6/21,雨時々曇
2015/6/22,曇
2015/6/23,晴時々曇
2015/6/24,晴
2015/6/25,晴一時曇
2015/6/26,曇後雨
2015/6/27,雨後曇
2015/6/28,晴後曇
2015/6/29,晴一時曇
2015/6/30,曇
2015/7/1,雨後一時曇
2015/7/2,曇一時雨
2015/7/3,大雨後一時曇
2015/7/4,雨時々曇
2015/7/5,雨時々曇
2015/7/6,雨
2015/7/7,雨時々曇
2015/7/8,曇後雨
2015/7/9,雨一時曇
2015/7/10,晴一時曇
2015/7/11,晴一時曇
2015/7/12,晴時々薄曇
2015/7/13,薄曇
2015/7/14,快晴
2015/7/15,晴
2015/7/16,曇時々雨
2015/7/17,曇一時雨
2015/7/18,曇後雨
2015/7/19,晴後曇
2015/7/20,晴時々曇
2015/7/21,晴
2015/7/22,晴一時薄曇
2015/7/23,曇時々雨
2015/7/24,曇後一時雨、雷を伴う
2015/7/25,薄曇後一時晴
2015/7/26,薄曇時々晴
2015/7/27,晴
2015/7/28,曇後晴
2015/7/29,曇時々晴
2015/7/30,曇後一時雨、雷を伴う
2015/7/31,晴
2015/8/1,晴
2015/8/2,晴
2015/8/3,晴
2015/8/4,晴
2015/8/5,快晴
2015/8/6,晴
2015/8/7,晴後時々薄曇
2015/8/8,曇時々晴
2015/8/9,晴一時曇
2015/8/10,曇一時雨、雷を伴う
2015/8/11,曇後時々晴
2015/8/12,曇一時晴
2015/8/13,曇一時雨
2015/8/14,曇一時晴
2015/8/15,晴一時曇
2015/8/16,曇時々晴
2015/8/17,雨時々曇
2015/8/18,曇
2015/8/19,曇
2015/8/20,雨後時々曇
2015/8/21,曇後一時雨
2015/8/22,曇後晴
2015/8/23,曇一時晴
2015/8/24,曇
2015/8/25,曇後一時雨
2015/8/26,雨
2015/8/27,曇
2015/8/28,曇時々雨
2015/8/29,雨後一時曇
2015/8/30,雨時々曇
2015/8/31,曇一時雨
2015/9/1,雨後曇、雷を伴う
2015/9/2,曇時々雨後晴
2015/9/3,曇後一時雨
2015/9/4,曇後一時雨、雷を伴う
2015/9/5,曇一時晴
2015/9/6,曇後時々雨
2015/9/7,雨時々曇
2015/9/8,大雨
2015/9/9,大雨、雷を伴う
2015/9/10,雨一時曇
2015/9/11,晴一時曇
2015/9/12,晴一時曇
2015/9/13,曇一時晴
2015/9/14,曇後一時晴
2015/9/15,薄曇時々晴
2015/9/16,曇後時々雨
2015/9/17,大雨
2015/9/18,雨後時々曇、雷を伴う
2015/9/19,晴時々曇
2015/9/20,晴一時曇
2015/9/21,曇時々晴
2015/9/22,晴
2015/9/23,薄曇時々晴
2015/9/24,曇後一時雨
2015/9/25,雨
2015/9/26,曇一時雨
2015/9/27,曇一時雨後時々晴
2015/9/28,晴
2015/9/29,曇一時晴
2015/9/30,晴時々薄曇
2015/10/1,曇後雨
2015/10/2,曇時々晴一時雨
2015/10/3,晴
2015/10/4,晴時々曇
2015/10/5,曇
2015/10/6,晴
2015/10/7,快晴
2015/10/8,快晴
2015/10/9,晴時々薄曇
2015/10/10,曇一時晴
2015/10/11,雨時々曇
2015/10/12,晴一時曇
2015/10/13,晴後一時曇
2015/10/14,晴時々曇
2015/10/15,晴後薄曇
2015/10/16,雨時々曇
2015/10/17,曇一時雨
2015/10/18,晴一時曇
2015/10/19,快晴
2015/10/20,薄曇後一時晴
2015/10/21,曇後時々晴
2015/10/22,晴後一時曇
2015/10/23,曇
2015/10/24,晴一時曇
2015/10/25,快晴
2015/10/26,晴後一時薄曇
2015/10/27,晴一時薄曇
2015/10/28,晴後一時曇
2015/10/29,曇後時々晴
2015/10/30,曇時々晴
2015/10/31,曇後一時晴
2015/11/1,薄曇時々晴
2015/11/2,大雨時々曇
