Date,Values
2014-11-10,1.0
2014-11-11,1.0204749194453335
2014-11-12,1.0248216236316732
2014-11-13,1.0364863326724485
2014-11-14,1.0423288179813155
2014-11-17,1.011517514643459
2014-11-18,1.0335823719513033
2014-11-19,1.0302862901231369
2014-11-20,1.0310079598201012
2014-11-21,1.0343838960986336
2014-11-24,1.0343838960986336
2014-11-25,1.0373700949850813
2014-11-26,1.0359374823083662
2014-11-27,1.027887676968487
2014-11-28,1.0404826307631525
2014-12-01,1.0482446025244736
2014-12-02,1.0526020334280268
2014-12-03,1.0560113417156671
2014-12-04,1.0659502411425623
2014-12-05,1.0679311082546261
2014-12-08,1.0688363240016852
2014-12-09,1.0615504992988898
2014-12-10,1.0376656756371818
2014-12-11,1.028418053541813
2014-12-12,1.0352223678274761
2014-12-15,1.019002379543435
2014-12-16,0.9984976636613979
2014-12-17,1.002336040637572
2014-12-18,1.02559633098597
2014-12-19,1.0501098594621268
2014-12-22,1.050928665542745
2014-12-24,1.0639848681775843
2014-12-25,1.0612745842950133
2014-12-26,1.0618830275325033
2014-12-29,1.056572110654431
2014-12-30,1.0399415274726125
2014-12-31,1.0399415274726125
2015-01-02,1.0399415274726125
2015-01-05,1.037435051217095
2015-01-06,1.006117804384009
2015-01-07,1.0062453331331012
2015-01-08,1.0230368170731194
2015-01-09,1.0248621467855898
2015-01-13,1.0183057388533017
2015-01-14,1.0009195180366766
2015-01-15,1.0195565932661241
2015-01-16,1.0049837520030651
2015-01-19,1.0139304300877263
2015-01-20,1.0349077174558845
2015-01-21,1.0297934570600566
2015-01-22,1.0326860951352546
2015-01-23,1.0435755008929988
2015-01-26,1.0409993009755945
2015-01-27,1.0588640525656812
2015-01-28,1.0604986850832476
2015-01-29,1.049205239643801
2015-01-30,1.053267685823987
2015-02-02,1.0463340550030298
2015-02-03,1.0330931144606272
2015-02-04,1.0535269148233095
2015-02-05,1.0431506037056033
2015-02-06,1.051724826331468
2015-02-09,1.0555048022917028
2015-02-10,1.0519739245423112
2015-02-11,1.0519739245423112
2015-02-12,1.0714631778614851
2015-02-13,1.0675085947821665
2015-02-16,1.0729559793403418
2015-02-17,1.071902377338498
2015-02-18,1.0845408339307507
2015-02-19,1.088451318283748
2015-02-20,1.0924744331674852
2015-02-23,1.1004968257855967
2015-02-24,1.108634828578119
2015-02-25,1.1075454708522308
2015-02-26,1.1194992053290322
2015-02-27,1.1202232587409326
2015-03-02,1.1219478764973447
2015-03-03,1.1212494480210093
2015-03-04,1.1146012670636736
2015-03-05,1.1174760272768494
2015-03-06,1.1305364014128272
2015-03-09,1.1197828674064518
2015-03-10,1.1123075373662208
2015-03-11,1.1157883571019502
2015-03-12,1.131734814097051
2015-03-13,1.1474160828054887
2015-03-16,1.1469280171722818
2015-03-17,1.1583066804207012
2015-03-18,1.1647117224545345
2015-03-19,1.1606641744927002
2015-03-20,1.1656497142819677
2015-03-23,1.1656497561757577
2015-03-24,1.1747810837321577
2015-03-25,1.176732750336252
2015-03-26,1.1603399380710853
2015-03-27,1.1492861583632932
2015-03-30,1.1567811261622838
2015-03-31,1.1445997375529848
2015-04-01,1.1343408011546707
2015-04-02,1.1509045937166458
2015-04-03,1.1581922667520026
2015-04-06,1.1559813944493995
2015-04-07,1.170436157975939
2015-04-08,1.179331674684887
2015-04-09,1.1881460658870717
2015-04-10,1.1863529256227299
2015-04-13,1.1862236137952726
2015-04-14,1.186415428356553
2015-04-15,1.1840960783717789
2015-04-16,1.185050146270707
2015-04-17,1.1711716411221806
2015-04-20,1.1700756909346717
2015-04-21,1.186439870731138
2015-04-22,1.1998369771991697
2015-04-23,1.2030400941448203
2015-04-24,1.193051653434068
2015-04-27,1.190863477613638
2015-04-28,1.1953704214944332
2015-04-30,1.1632534708975213
2015-05-01,1.1639460052215267
2015-05-05,1.1639460052215267
2015-05-06,1.1639460052215267
2015-05-07,1.1496651317926183
2015-05-08,1.154861583811714
2015-05-11,1.1692664150655543
2015-05-12,1.1695005964650689
2015-05-13,1.177836498787582
2015-05-14,1.1662468488182427
2015-05-15,1.1759413988711909
2015-05-18,1.1853183142010404
2015-05-19,1.193429579339865
2015-05-20,1.203571075943369
2015-05-21,1.20394702318699
2015-05-22,1.2076144291032513
2015-05-25,1.2165151834298429
2015-05-26,1.2179281863564488
2015-05-27,1.220019872912237
2015-05-28,1.224720610016488
2015-05-29,1.2254172181093195
2015-06-01,1.225817607727526
2015-06-02,1.2242276884579917
2015-06-03,1.2200752756915296
2015-06-04,1.2209500804205815
2015-06-05,1.2193238468034073
2015-06-08,1.2191027013449505
2015-06-09,1.19759630840027
2015-06-10,1.1946201565147216
2015-06-11,1.214679792771741
2015-06-12,1.2161165397040488
2015-06-15,1.2149669326296595
2015-06-16,1.207228821318515
2015-06-17,1.204924369552093
2015-06-18,1.191310424164194
2015-06-19,1.2022409443563453
2015-06-22,1.2173745080161344
2015-06-23,1.240093127094316
2015-06-24,1.2435858281591812
2015-06-25,1.2378274339964221
2015-06-26,1.2339389990065857
2015-06-29,1.1984096580382133
2015-06-30,1.2059053241464948
2015-07-01,1.2114826118126176
2015-07-02,1.222994744504493
2015-07-03,1.2240250493875928
2015-07-06,1.1985389699252635
2015-07-07,1.2142995390491231
2015-07-08,1.1762227191274641
2015-07-09,1.1832462979417209
2015-07-10,1.1787369098592229
2015-07-13,1.197207092445828
2015-07-14,1.214820394707437
2015-07-15,1.2194686388332183
2015-07-16,1.2276202921481016
2015-07-17,1.2306476566592346
2015-07-21,1.2420329216657628
2015-07-22,1.2272359646566577
2015-07-23,1.2326159673740926
2015-07-24,1.2243075336118696
2015-07-27,1.2127209098282346
