A,B,C,D,E
"2011/01/04","10398.10","10352.19","10409.17","10321.28"
"2011/01/05","10380.77","10387.95","10413.45","10358.01"
"2011/01/06","10529.76","10477.52","10530.11","10477.52"
"2011/01/07","10541.04","10506.72","10550.71","10503.02"
"2011/01/11","10510.68","10484.62","10538.39","10476.29"
"2011/01/12","10512.80","10562.28","10576.51","10502.96"
"2011/01/13","10589.76","10593.46","10620.57","10565.28"
"2011/01/14","10499.04","10502.77","10579.97","10497.26"
"2011/01/17","10502.86","10562.09","10562.39","10482.69"
"2011/01/18","10518.98","10461.04","10548.21","10456.71"
"2011/01/19","10557.10","10567.88","10580.68","10534.02"
"2011/01/20","10437.31","10492.32","10505.63","10421.83"
"2011/01/21","10274.52","10459.04","10461.07","10257.99"
"2011/01/24","10345.11","10318.60","10347.94","10278.81"
"2011/01/25","10464.42","10374.64","10480.24","10355.80"
"2011/01/26","10401.90","10410.29","10440.35","10392.46"
"2011/01/27","10478.66","10466.34","10496.40","10421.75"
"2011/01/28","10360.34","10460.29","10480.08","10332.65"
"2011/01/31","10237.92","10219.98","10265.96","10182.57"
"2011/02/01","10274.50","10281.55","10299.38","10245.75"
"2011/02/02","10457.36","10368.48","10479.75","10366.96"
"2011/02/03","10431.36","10424.68","10450.46","10409.84"
"2011/02/04","10543.52","10526.39","10580.36","10524.13"
"2011/02/07","10592.04","10641.30","10644.21","10572.72"
"2011/02/08","10635.98","10645.03","10648.80","10623.70"
"2011/02/09","10617.83","10686.72","10701.92","10599.50"
"2011/02/10","10605.65","10574.80","10631.94","10570.62"
"2011/02/14","10725.54","10689.65","10725.54","10674.44"
"2011/02/15","10746.67","10738.81","10760.99","10712.49"
"2011/02/16","10808.29","10758.86","10842.31","10752.61"
"2011/02/17","10836.64","10882.91","10891.60","10820.48"
"2011/02/18","10842.80","10829.15","10862.43","10810.12"
"2011/02/21","10857.53","10820.78","10859.39","10789.41"
"2011/02/22","10664.70","10745.52","10761.22","10639.78"
"2011/02/23","10579.10","10588.82","10666.72","10569.93"
"2011/02/24","10452.71","10533.20","10542.70","10428.38"
"2011/02/25","10526.76","10475.78","10532.21","10454.46"
"2011/02/28","10624.09","10504.54","10628.76","10448.83"
"2011/03/01","10754.03","10676.24","10754.03","10672.91"
"2011/03/02","10492.38","10609.28","10629.50","10492.38"
"2011/03/03","10586.02","10529.77","10593.34","10522.40"
"2011/03/04","10693.66","10730.91","10768.43","10664.37"
"2011/03/07","10505.02","10626.97","10626.97","10472.51"
"2011/03/08","10525.19","10513.08","10565.10","10509.23"
"2011/03/09","10589.50","10607.23","10662.07","10563.82"
"2011/03/10","10434.38","10544.13","10549.17","10410.10"
"2011/03/11","10254.43","10298.64","10378.55","10254.43"
"2011/03/14","9620.49","10044.17","10049.92","9578.65"
"2011/03/15","8605.15","9441.66","9441.66","8227.63"
"2011/03/16","9093.72","8767.20","9168.51","8763.95"
"2011/03/17","8962.67","8913.35","9093.61","8639.56"
"2011/03/18","9206.75","9083.95","9275.60","9073.25"
"2011/03/22","9608.32","9403.05","9625.03","9395.85"
"2011/03/23","9449.47","9590.38","9592.40","9387.95"
"2011/03/24","9435.01","9479.77","9509.85","9418.71"
"2011/03/25","9536.13","9565.49","9569.71","9469.37"
"2011/03/28","9478.53","9541.76","9541.76","9405.20"
"2011/03/29","9459.08","9348.60","9502.23","9317.38"
"2011/03/30","9708.79","9489.51","9708.79","9479.03"
"2011/03/31","9755.10","9765.28","9765.81","9658.64"
"2011/04/01","9708.39","9757.28","9822.06","9698.60"
"2011/04/04","9718.89","9773.91","9808.60","9718.89"
"2011/04/05","9615.55","9732.26","9732.26","9566.05"
"2011/04/06","9584.37","9668.11","9671.46","9562.16"
"2011/04/07","9590.93","9652.65","9687.18","9578.47"
"2011/04/08","9768.08","9586.17","9804.28","9536.68"
"2011/04/11","9719.70","9731.32","9775.60","9700.75"
"2011/04/12","9555.26","9603.50","9603.64","9513.27"
"2011/04/13","9641.18","9516.50","9655.83","9516.50"
"2011/04/14","9653.92","9579.79","9676.97","9553.75"
"2011/04/15","9591.52","9646.22","9651.96","9577.96"
"2011/04/18","9556.65","9593.41","9608.92","9539.03"
"2011/04/19","9441.03","9448.65","9478.87","9405.19"
"2011/04/20","9606.82","9536.79","9631.00","9519.36"
"2011/04/21","9685.77","9686.27","9725.12","9643.92"
"2011/04/22","9682.21","9623.00","9732.63","9611.38"
"2011/04/25","9671.96","9705.90","9748.40","9657.24"
"2011/04/26","9558.69","9627.43","9627.43","9536.51"
"2011/04/27","9691.84","9631.53","9728.03","9630.37"
"2011/04/28","9849.74","9749.36","9849.74","9712.58"
"2011/05/02","10004.20","9964.39","10017.47","9936.27"
"2011/05/06","9859.20","9851.15","9876.10","9782.66"
"2011/05/09","9794.38","9881.67","9897.88","9776.74"
"2011/05/10","9818.76","9804.27","9853.13","9755.93"
"2011/05/11","9864.26","9912.48","9929.04","9842.67"
"2011/05/12","9716.65","9770.71","9836.71","9716.65"
"2011/05/13","9648.77","9751.45","9751.45","9552.93"
"2011/05/16","9558.30","9571.13","9598.33","9552.86"
"2011/05/17","9567.02","9513.50","9593.13","9502.39"
"2011/05/18","9662.08","9602.88","9693.60","9590.40"
"2011/05/19","9620.82","9711.32","9731.12","9600.81"
"2011/05/20","9607.08","9612.87","9670.92","9600.48"
"2011/05/23","9460.63","9547.86","9547.86","9437.87"
"2011/05/24","9477.17","9406.04","9490.35","9406.04"
"2011/05/25","9422.88","9492.43","9503.77","9415.33"
"2011/05/26","9562.05","9499.45","9567.46","9489.12"
"2011/05/27","9521.94","9514.16","9588.70","9493.44"
"2011/05/30","9504.97","9489.78","9540.02","9448.00"
"2011/05/31","9693.73","9500.60","9697.35","9497.40"
"2011/06/01","9719.61","9708.05","9720.73","9659.31"
"2011/06/02","9555.04","9560.63","9575.01","9517.28"
"2011/06/03","9492.21","9550.59","9603.03","9490.68"
"2011/06/06","9380.35","9467.37","9490.55","9359.78"
"2011/06/07","9442.95","9371.21","9454.66","9358.31"
"2011/06/08","9449.46","9428.62","9458.43","9394.74"
"2011/06/09","9467.15","9411.71","9472.41","9383.12"
"2011/06/10","9514.44","9536.84","9613.75","9493.05"
"2011/06/13","9448.21","9405.16","9466.51","9391.26"
"2011/06/14","9547.79","9446.84","9565.65","9438.41"
"2011/06/15","9574.32","9589.54","9599.90","9520.93"
"2011/06/16","9411.28","9478.63","9497.59","9411.28"
"2011/06/17","9351.40","9443.32","9447.44","9318.62"
"2011/06/20","9354.32","9383.24","9421.38","9346.76"
"2011/06/21","9459.66","9420.43","9459.66","9378.36"
"2011/06/22","9629.43","9525.25","9658.62","9525.25"
"2011/06/23","9596.74","9557.72","9652.41","9553.30"
"2011/06/24","9678.71","9626.43","9695.09","9609.24"
"2011/06/27","9578.31","9633.92","9638.49","9570.58"
"2011/06/28","9648.98","9668.01","9703.41","9632.54"
"2011/06/29","9797.26","9767.91","9797.26","9734.66"
"2011/06/30","9816.09","9838.09","9849.69","9785.89"
"2011/07/01","9868.07","9878.69","9900.57","9849.64"
"2011/07/04","9965.09","9980.16","10005.75","9940.47"
"2011/07/05","9972.46","9959.39","9995.17","9948.38"
"2011/07/06","10082.48","9987.25","10082.48","9967.87"
"2011/07/07","10071.14","10047.15","10102.19","10029.33"
"2011/07/08","10137.73","10205.71","10207.91","10126.47"
"2011/07/11","10069.53","10069.01","10109.30","10057.77"
"2011/07/12","9925.92","9943.32","9971.14","9907.81"
"2011/07/13","9963.14","9891.11","9979.67","9887.33"
"2011/07/14","9936.12","9929.18","9998.49","9884.00"
"2011/07/15","9974.47","9919.59","9985.32","9919.10"
"2011/07/19","9889.72","9921.50","9945.72","9889.72"
"2011/07/20","10005.90","10008.00","10042.75","9986.33"
"2011/07/21","10010.39","10019.94","10026.18","9974.00"
"2011/07/22","10132.11","10096.89","10149.18","10076.53"
"2011/07/25","10050.01","10080.82","10091.02","10039.10"
"2011/07/26","10097.72","10078.48","10130.25","10043.99"
"2011/07/27","10047.19","10048.34","10053.50","10009.37"
"2011/07/28","9901.35","9936.97","9945.98","9853.85"
"2011/07/29","9833.03","9866.82","9914.22","9824.34"
"2011/08/01","9965.01","9907.04","10040.13","9906.17"
"2011/08/02","9844.59","9872.17","9873.46","9822.30"
"2011/08/03","9637.14","9705.02","9705.02","9610.38"
"2011/08/04","9659.18","9685.50","9768.40","9615.35"
"2011/08/05","9299.88","9469.16","9469.16","9264.09"
"2011/08/08","9097.56","9169.67","9215.09","9057.29"
"2011/08/09","8944.48","8911.80","8949.97","8656.79"
"2011/08/10","9038.74","9110.81","9144.33","9021.36"
"2011/08/11","8981.94","8876.54","8983.33","8832.42"
"2011/08/12","8963.72","9064.17","9070.27","8926.89"
"2011/08/15","9086.41","9082.53","9117.11","9032.84"
"2011/08/16","9107.43","9135.06","9150.31","9072.53"
"2011/08/17","9057.26","9047.89","9081.80","9003.70"
"2011/08/18","8943.76","9043.18","9043.18","8931.25"
"2011/08/19","8719.24","8771.70","8796.42","8707.47"
"2011/08/22","8628.13","8686.91","8756.10","8619.21"
"2011/08/23","8733.01","8703.31","8747.41","8630.49"
"2011/08/24","8639.61","8812.16","8825.27","8620.89"
"2011/08/25","8772.36","8748.01","8849.94","8741.74"
"2011/08/26","8797.78","8746.77","8805.10","8742.46"
"2011/08/29","8851.35","8802.25","8926.27","8751.29"
"2011/08/30","8953.90","8958.50","8992.86","8935.85"
"2011/08/31","8955.20","8938.31","8967.80","8905.52"
"2011/09/01","9060.80","9017.01","9098.15","8998.01"
"2011/09/02","8950.74","8980.56","9014.27","8914.65"
"2011/09/05","8784.46","8828.46","8842.56","8757.18"
"2011/09/06","8590.57","8687.11","8709.92","8588.34"
"2011/09/07","8763.41","8723.05","8773.26","8702.78"
"2011/09/08","8793.12","8863.24","8876.49","8757.58"
"2011/09/09","8737.66","8739.49","8803.75","8726.25"
"2011/09/12","8535.67","8578.71","8584.05","8520.97"
"2011/09/13","8616.55","8588.74","8635.88","8549.06"
"2011/09/14","8518.57","8623.55","8671.24","8499.34"
"2011/09/15","8668.86","8645.38","8695.95","8634.02"
"2011/09/16","8864.16","8785.28","8864.16","8774.16"
"2011/09/20","8721.24","8763.61","8771.72","8704.23"
"2011/09/21","8741.16","8717.00","8771.62","8707.16"
"2011/09/22","8560.26","8643.02","8643.02","8545.46"
"2011/09/26","8374.13","8547.62","8556.66","8359.70"
"2011/09/27","8609.95","8496.33","8609.95","8479.05"
"2011/09/28","8615.65","8607.92","8665.54","8595.85"
"2011/09/29","8701.23","8527.64","8706.14","8501.42"
"2011/09/30","8700.29","8713.91","8756.00","8653.62"
"2011/10/03","8545.48","8567.98","8577.52","8455.67"
"2011/10/04","8456.12","8426.39","8470.76","8359.24"
"2011/10/05","8382.98","8491.43","8501.03","8343.01"
"2011/10/06","8522.02","8463.83","8545.79","8463.83"
"2011/10/07","8605.62","8593.22","8663.57","8589.36"
"2011/10/11","8773.68","8733.54","8806.44","8725.62"
"2011/10/12","8738.90","8719.67","8763.02","8689.38"
"2011/10/13","8823.25","8832.81","8854.16","8808.73"
"2011/10/14","8747.96","8782.91","8787.89","8733.71"
"2011/10/17","8879.60","8881.44","8911.70","8856.58"
"2011/10/18","8741.91","8758.74","8773.99","8727.39"
"2011/10/19","8772.54","8808.25","8831.55","8745.36"
"2011/10/20","8682.15","8733.60","8733.60","8672.21"
"2011/10/21","8678.89","8679.04","8700.49","8652.26"
"2011/10/24","8843.98","8764.92","8844.28","8762.02"
"2011/10/25","8762.31","8866.43","8870.37","8755.38"
"2011/10/26","8748.47","8673.85","8798.80","8642.56"
"2011/10/27","8926.54","8779.40","8926.54","8731.77"
"2011/10/28","9050.47","9059.04","9086.43","9003.09"
"2011/10/31","8988.39","9011.18","9152.39","8988.39"
"2011/11/01","8835.52","8880.75","8946.00","8831.69"
"2011/11/02","8640.42","8719.92","8719.92","8640.42"
"2011/11/04","8801.40","8761.27","8814.71","8729.08"
"2011/11/07","8767.09","8771.82","8779.55","8741.25"
"2011/11/08","8655.51","8744.36","8772.04","8644.00"
"2011/11/09","8755.44","8724.60","8762.98","8678.78"
"2011/11/10","8500.80","8597.28","8600.21","8500.67"
"2011/11/11","8514.47","8545.92","8566.49","8485.77"
"2011/11/14","8603.70","8631.28","8655.31","8595.43"
"2011/11/15","8541.93","8546.99","8584.30","8527.63"
"2011/11/16","8463.16","8546.75","8567.64","8459.30"
"2011/11/17","8479.63","8421.88","8491.82","8400.22"
"2011/11/18","8374.91","8374.16","8398.80","8359.60"
"2011/11/21","8348.27","8349.05","8375.60","8343.93"
"2011/11/22","8314.74","8263.86","8350.35","8261.01"
"2011/11/24","8165.18","8189.42","8212.95","8157.39"
"2011/11/25","8160.01","8138.19","8199.67","8135.79"
"2011/11/28","8287.49","8269.91","8322.01","8259.71"
"2011/11/29","8477.82","8371.01","8477.82","8351.38"
"2011/11/30","8434.61","8407.63","8435.34","8361.69"
"2011/12/01","8597.38","8581.20","8653.88","8577.09"
"2011/12/02","8643.75","8603.23","8643.75","8591.93"
"2011/12/05","8695.98","8697.78","8704.48","8668.04"
"2011/12/06","8575.16","8644.97","8671.54","8571.09"
"2011/12/07","8722.17","8629.19","8729.81","8614.21"
"2011/12/08","8664.58","8664.35","8688.81","8625.19"
"2011/12/09","8536.46","8521.33","8576.68","8503.03"
"2011/12/12","8653.82","8652.98","8682.47","8633.35"
"2011/12/13","8552.81","8535.52","8594.32","8518.80"
"2011/12/14","8519.13","8513.77","8540.57","8486.37"
"2011/12/15","8377.37","8449.05","8455.32","8374.25"
"2011/12/16","8401.72","8416.21","8433.18","8390.98"
"2011/12/19","8296.12","8363.39","8364.93","8272.26"
"2011/12/20","8336.48","8318.03","8354.90","8317.73"
"2011/12/21","8459.98","8442.74","8471.11","8440.89"
"2011/12/22","8395.16","8429.54","8436.59","8383.96"
"2011/12/26","8479.34","8504.46","8516.53","8477.37"
"2011/12/27","8440.56","8443.00","8458.26","8428.53"
"2011/12/28","8423.62","8426.09","8456.66","8414.90"
"2011/12/29","8398.89","8367.71","8404.89","8330.87"
"2011/12/30","8455.35","8434.90","8455.35","8415.56"
"2012/01/04","8560.11","8549.54","8581.45","8547.70"
"2012/01/05","8488.71","8515.66","8519.16","8481.83"
"2012/01/06","8390.35","8488.98","8488.98","8349.33"
"2012/01/10","8422.26","8422.99","8450.59","8405.18"
"2012/01/11","8447.88","8440.96","8463.72","8426.03"
"2012/01/12","8385.59","8423.10","8426.83","8360.33"
"2012/01/13","8500.02","8471.10","8509.76","8458.68"
"2012/01/16","8378.36","8409.79","8409.79","8352.23"
"2012/01/17","8466.40","8420.12","8475.66","8413.22"
"2012/01/18","8550.58","8458.29","8595.78","8446.09"
"2012/01/19","8639.68","8596.68","8668.94","8596.68"
"2012/01/20","8766.36","8751.18","8791.39","8725.32"
"2012/01/23","8765.90","8753.91","8795.27","8744.54"
"2012/01/24","8785.33","8815.36","8825.09","8768.51"
"2012/01/25","8883.69","8842.01","8911.62","8816.09"
"2012/01/26","8849.47","8890.49","8894.60","8834.93"
"2012/01/27","8841.22","8851.02","8886.02","8810.89"
"2012/01/30","8793.05","8803.79","8832.48","8774.23"
"2012/01/31","8802.51","8781.44","8836.68","8776.65"
"2012/02/01","8809.79","8789.06","8830.28","8780.10"
"2012/02/02","8876.82","8865.28","8893.22","8849.25"
"2012/02/03","8831.93","8849.17","8877.57","8825.98"
"2012/02/06","8929.20","8939.99","8949.32","8916.94"
"2012/02/07","8917.52","8904.16","8928.44","8887.19"
"2012/02/08","9015.59","8971.88","9015.59","8956.78"
"2012/02/09","9002.24","8996.13","9018.49","8942.87"
"2012/02/10","8947.17","9010.53","9016.97","8947.17"
"2012/02/13","8999.18","8954.03","9023.50","8948.54"
"2012/02/14","9052.07","8978.72","9072.08","8972.74"
"2012/02/15","9260.34","9108.84","9314.37","9107.68"
"2012/02/16","9238.10","9232.38","9308.93","9214.23"
"2012/02/17","9384.17","9371.12","9435.03","9369.25"
"2012/02/20","9485.09","9534.03","9549.31","9462.67"
"2012/02/21","9463.02","9458.68","9517.04","9440.41"
"2012/02/22","9554.00","9459.74","9564.05","9442.58"
"2012/02/23","9595.57","9549.77","9609.84","9513.65"
"2012/02/24","9647.38","9594.85","9647.38","9576.21"
"2012/02/27","9633.93","9726.20","9736.11","9628.25"
"2012/02/28","9722.52","9567.12","9722.52","9528.77"
"2012/02/29","9723.24","9771.62","9866.41","9706.22"
"2012/03/01","9707.37","9771.34","9865.75","9666.02"
"2012/03/02","9777.03","9797.05","9803.75","9729.24"
"2012/03/05","9698.59","9756.98","9792.14","9673.75"
"2012/03/06","9637.63","9704.61","9732.89","9602.84"
"2012/03/07","9576.06","9509.10","9603.19","9509.10"
"2012/03/08","9768.96","9674.94","9768.96","9659.15"
"2012/03/09","9929.74","9911.07","10007.62","9853.18"
"2012/03/12","9889.86","10015.92","10021.51","9889.86"
"2012/03/13","9899.08","9921.25","10011.88","9888.30"
"2012/03/14","10050.52","10064.12","10115.79","10050.52"
"2012/03/15","10123.28","10115.40","10158.74","10077.55"
"2012/03/16","10129.83","10110.57","10148.47","10090.09"
"2012/03/19","10141.99","10150.85","10172.64","10134.48"
"2012/03/21","10086.49","10100.87","10132.02","10073.90"
"2012/03/22","10127.08","10055.16","10136.85","10052.50"
"2012/03/23","10011.47","10014.87","10031.96","9999.37"
"2012/03/26","10018.24","10040.10","10056.20","10016.05"
"2012/03/27","10255.15","10152.90","10255.15","10152.25"
"2012/03/28","10182.57","10153.51","10197.80","10124.28"
"2012/03/29","10114.79","10134.78","10147.04","10084.77"
"2012/03/30","10083.56","10089.10","10111.09","10033.19"
"2012/04/02","10109.87","10161.72","10190.35","10109.87"
"2012/04/03","10050.39","10082.21","10084.07","10040.99"
"2012/04/04","9819.99","10045.88","10059.19","9819.99"
"2012/04/05","9767.61","9737.50","9806.40","9692.70"
"2012/04/06","9688.45","9710.25","9739.59","9659.16"
"2012/04/09","9546.26","9565.31","9618.10","9535.33"
"2012/04/10","9538.02","9583.36","9648.12","9509.72"
"2012/04/11","9458.74","9398.60","9487.84","9388.14"
"2012/04/12","9524.79","9486.19","9541.04","9449.49"
"2012/04/13","9637.99","9613.19","9690.29","9603.97"
"2012/04/16","9470.64","9522.70","9532.91","9464.49"
"2012/04/17","9464.71","9476.15","9519.80","9455.32"
"2012/04/18","9667.26","9594.30","9682.88","9594.30"
"2012/04/19","9588.38","9578.68","9617.93","9565.83"
"2012/04/20","9561.36","9574.99","9580.87","9532.68"
"2012/04/23","9542.17","9599.20","9643.27","9520.98"
"2012/04/24","9468.04","9466.08","9510.70","9423.30"
"2012/04/25","9561.01","9578.42","9582.73","9530.02"
"2012/04/26","9561.83","9613.16","9630.97","9531.03"
"2012/04/27","9520.89","9564.40","9691.70","9463.60"
"2012/05/01","9350.95","9471.66","9472.25","9332.79"
"2012/05/02","9380.25","9397.87","9417.96","9344.53"
"2012/05/07","9119.14","9198.17","9206.45","9109.01"
"2012/05/08","9181.65","9190.50","9207.56","9159.47"
"2012/05/09","9045.06","9112.72","9115.94","9021.20"
"2012/05/10","9009.65","9013.26","9075.63","8985.90"
"2012/05/11","8953.31","9019.40","9050.61","8944.63"
"2012/05/14","8973.84","8986.22","9031.09","8947.82"
"2012/05/15","8900.74","8910.85","8930.78","8838.78"
"2012/05/16","8801.17","8865.78","8883.73","8756.07"
"2012/05/17","8876.59","8789.47","8885.08","8765.71"
"2012/05/18","8611.31","8727.58","8735.54","8588.16"
"2012/05/21","8633.89","8617.92","8676.20","8608.62"
"2012/05/22","8729.29","8721.59","8740.48","8690.47"
"2012/05/23","8556.60","8715.14","8715.14","8538.69"
"2012/05/24","8563.38","8537.99","8597.85","8496.61"
"2012/05/25","8580.39","8616.85","8616.85","8550.93"
"2012/05/28","8593.15","8604.99","8624.51","8568.87"
"2012/05/29","8657.08","8565.56","8657.08","8517.18"
"2012/05/30","8633.19","8637.95","8656.71","8568.97"
"2012/05/31","8542.73","8499.68","8542.73","8455.13"
"2012/06/01","8440.25","8465.47","8487.44","8422.50"
"2012/06/04","8295.63","8278.65","8303.35","8238.96"
"2012/06/05","8382.00","8331.02","8388.14","8306.93"
"2012/06/06","8533.53","8428.36","8549.00","8412.55"
"2012/06/07","8639.72","8639.25","8647.79","8599.64"
"2012/06/08","8459.26","8609.78","8611.93","8427.20"
"2012/06/11","8624.90","8612.14","8665.80","8594.58"
"2012/06/12","8536.72","8478.78","8575.87","8452.50"
"2012/06/13","8587.84","8557.57","8615.89","8554.14"
"2012/06/14","8568.89","8531.40","8592.17","8520.99"
"2012/06/15","8569.32","8608.43","8625.19","8552.75"
"2012/06/18","8721.02","8723.55","8766.56","8711.49"
"2012/06/19","8655.87","8692.82","8712.86","8630.66"
"2012/06/20","8752.31","8739.10","8770.41","8711.22"
"2012/06/21","8824.07","8794.03","8859.04","8790.86"
"2012/06/22","8798.35","8733.50","8830.34","8731.79"
"2012/06/25","8734.62","8837.83","8837.83","8726.40"
"2012/06/26","8663.99","8671.61","8712.68","8619.36"
"2012/06/27","8730.49","8677.76","8730.49","8641.52"
"2012/06/28","8874.11","8816.07","8881.44","8805.65"
"2012/06/29","9006.78","8811.46","9044.04","8803.33"
"2012/07/02","9003.48","9103.79","9103.79","9003.48"
"2012/07/03","9066.59","9013.65","9082.39","9012.86"
"2012/07/04","9104.17","9119.69","9136.02","9095.31"
"2012/07/05","9079.80","9078.46","9130.54","9069.01"
"2012/07/06","9020.75","9052.70","9082.04","8977.35"
"2012/07/09","8896.88","8922.99","8954.44","8892.17"
"2012/07/10","8857.73","8922.03","8966.99","8855.93"
"2012/07/11","8851.00","8819.04","8851.00","8797.73"
"2012/07/12","8720.01","8859.39","8862.80","8709.75"
"2012/07/13","8724.12","8701.35","8759.06","8695.44"
"2012/07/17","8755.00","8740.98","8808.87","8711.73"
"2012/07/18","8726.74","8796.15","8802.09","8715.14"
"2012/07/19","8795.55","8795.00","8835.80","8771.19"
"2012/07/20","8669.87","8785.87","8792.19","8662.72"
"2012/07/23","8508.32","8582.28","8606.23","8500.27"
"2012/07/24","8488.09","8497.99","8517.52","8446.18"
"2012/07/25","8365.90","8410.98","8433.58","8328.02"
"2012/07/26","8443.10","8408.22","8448.55","8358.51"
"2012/07/27","8566.64","8547.34","8569.09","8522.74"
"2012/07/30","8635.44","8658.83","8663.30","8589.19"
"2012/07/31","8695.06","8600.92","8732.84","8585.26"
"2012/08/01","8641.85","8622.04","8654.61","8578.16"
"2012/08/02","8653.18","8642.89","8705.91","8635.51"
"2012/08/03","8555.11","8539.71","8565.06","8513.20"
"2012/08/06","8726.29","8683.20","8751.80","8676.25"
"2012/08/07","8803.31","8714.12","8812.42","8711.90"
"2012/08/08","8881.16","8889.38","8962.95","8851.59"
"2012/08/09","8978.60","8870.81","9004.81","8862.17"
"2012/08/10","8891.44","8931.92","8954.85","8857.23"
"2012/08/13","8885.15","8871.68","8906.21","8867.63"
"2012/08/14","8929.88","8913.70","8970.99","8897.87"
"2012/08/15","8925.04","8960.28","8960.28","8866.06"
"2012/08/16","9092.76","8967.11","9094.09","8962.97"
"2012/08/17","9162.50","9120.22","9181.57","9097.00"
"2012/08/20","9171.16","9202.36","9222.87","9150.79"
"2012/08/21","9156.92","9165.15","9196.67","9146.07"
"2012/08/22","9131.74","9150.69","9162.97","9075.08"
"2012/08/23","9178.12","9080.67","9194.47","9062.54"
"2012/08/24","9070.76","9069.95","9090.67","9045.79"
"2012/08/27","9085.39","9140.41","9150.48","9084.87"
"2012/08/28","9033.29","9138.51","9140.62","8988.99"
"2012/08/29","9069.81","9045.73","9073.99","9033.83"
"2012/08/30","8983.78","9062.07","9062.07","8960.24"
"2012/08/31","8839.91","8891.75","8933.99","8839.91"
"2012/09/03","8783.89","8836.61","8893.39","8773.40"
"2012/09/04","8775.51","8787.97","8804.44","8729.22"
"2012/09/05","8679.82","8756.59","8759.26","8679.82"
"2012/09/06","8680.57","8690.34","8697.00","8646.03"
"2012/09/07","8871.65","8821.37","8871.65","8804.27"
"2012/09/10","8869.37","8853.19","8874.54","8838.18"
"2012/09/11","8807.38","8811.33","8814.03","8769.47"
"2012/09/12","8959.96","8827.21","8959.96","8821.80"
"2012/09/13","8995.15","8950.01","9022.20","8932.10"
"2012/09/14","9159.39","9097.92","9193.27","9081.80"
"2012/09/18","9123.77","9155.49","9180.44","9120.61"
"2012/09/19","9232.21","9166.52","9288.53","9140.75"
"2012/09/20","9086.98","9174.19","9215.57","9079.19"
"2012/09/21","9110.00","9113.30","9159.33","9103.95"
"2012/09/24","9069.29","9071.32","9091.97","9031.13"
"2012/09/25","9091.54","9031.37","9112.54","9023.63"
"2012/09/26","8906.70","8941.75","8971.75","8894.02"
"2012/09/27","8949.87","8856.31","8959.25","8844.06"
"2012/09/28","8870.16","8986.63","8989.08","8838.85"
"2012/10/01","8796.51","8815.07","8829.35","8759.07"
"2012/10/02","8786.05","8826.36","8843.33","8774.75"
"2012/10/03","8746.87","8778.26","8806.75","8729.56"
"2012/10/04","8824.59","8783.13","8865.92","8738.31"
"2012/10/05","8863.30","8850.29","8880.23","8805.79"
"2012/10/09","8769.59","8822.39","8840.69","8765.55"
"2012/10/10","8596.23","8650.55","8660.68","8578.25"
"2012/10/11","8546.78","8514.63","8607.42","8514.63"
"2012/10/12","8534.12","8607.70","8620.18","8516.11"
"2012/10/15","8577.93","8517.77","8595.11","8488.14"
"2012/10/16","8701.31","8638.68","8707.95","8633.68"
"2012/10/17","8806.55","8777.39","8837.19","8758.70"
"2012/10/18","8982.86","8886.56","8992.36","8877.17"
"2012/10/19","9002.68","8944.03","9016.90","8940.38"
"2012/10/22","9010.71","8874.52","9031.55","8867.79"
"2012/10/23","9014.25","9066.03","9075.58","8970.50"
"2012/10/24","8954.30","8896.41","9043.80","8896.41"
"2012/10/25","9055.20","8952.13","9057.31","8941.85"
"2012/10/26","8933.06","9058.93","9075.59","8933.06"
"2012/10/29","8929.34","8958.79","8986.05","8909.37"
"2012/10/30","8841.98","8941.82","8995.81","8841.98"
"2012/10/31","8928.29","8911.08","8985.58","8905.44"
"2012/11/01","8946.87","8931.71","8976.08","8871.48"
"2012/11/02","9051.22","9049.22","9072.39","9031.43"
"2012/11/05","9007.44","9000.81","9040.18","8984.69"
"2012/11/06","8975.15","8989.58","8990.35","8957.49"
"2012/11/07","8972.89","9030.56","9032.32","8924.41"
"2012/11/08","8837.15","8868.42","8891.08","8811.41"
"2012/11/09","8757.60","8742.68","8779.24","8729.45"
"2012/11/12","8676.44","8701.28","8728.85","8676.44"
"2012/11/13","8661.05","8710.52","8723.46","8619.45"
"2012/11/14","8664.73","8660.27","8680.40","8653.49"
"2012/11/15","8829.72","8703.82","8829.72","8684.23"
"2012/11/16","9024.16","8898.33","9032.35","8898.33"
"2012/11/19","9153.20","9141.27","9183.46","9135.29"
"2012/11/20","9142.64","9198.42","9200.85","9129.43"
"2012/11/21","9222.52","9213.73","9248.98","9161.21"
"2012/11/22","9366.80","9336.32","9366.80","9304.72"
"2012/11/26","9388.94","9466.06","9487.94","9388.94"
"2012/11/27","9423.30","9371.13","9449.72","9370.59"
"2012/11/28","9308.35","9375.48","9407.62","9308.35"
"2012/11/29","9400.88","9370.29","9412.08","9350.40"
"2012/11/30","9446.01","9446.77","9492.91","9380.25"
"2012/12/03","9458.18","9484.20","9525.82","9453.48"
"2012/12/04","9432.46","9419.15","9457.19","9406.03"
"2012/12/05","9468.84","9380.37","9515.86","9376.97"
"2012/12/06","9545.16","9535.69","9565.43","9503.31"
"2012/12/07","9527.39","9547.14","9572.75","9522.13"
"2012/12/10","9533.75","9584.46","9584.46","9517.40"
"2012/12/11","9525.32","9510.60","9534.18","9487.95"
"2012/12/12","9581.46","9606.25","9606.25","9565.95"
"2012/12/13","9742.73","9681.20","9767.05","9672.47"
"2012/12/14","9737.56","9703.56","9775.75","9687.70"
"2012/12/17","9828.88","9895.68","9903.35","9826.30"
"2012/12/18","9923.01","9848.87","9967.24","9848.87"
"2012/12/19","10160.40","10025.40","10160.40","10016.98"
"2012/12/20","10039.33","10093.11","10147.68","10028.65"
"2012/12/21","9940.06","10145.58","10175.06","9924.42"
"2012/12/25","10080.12","10092.35","10119.35","10030.44"
"2012/12/26","10230.36","10131.22","10230.36","10107.34"
"2012/12/27","10322.98","10295.26","10376.39","10288.85"
"2012/12/28","10395.18","10406.36","10433.63","10374.85"
"2013/01/04","10688.11","10604.50","10734.23","10602.24"
"2013/01/07","10599.01","10743.69","10743.69","10589.70"
"2013/01/08","10508.06","10544.21","10602.12","10463.43"
"2013/01/09","10578.57","10405.67","10620.70","10398.61"
"2013/01/10","10652.64","10635.11","10686.12","10619.65"
"2013/01/11","10801.57","10786.14","10830.43","10748.06"
"2013/01/15","10879.08","10914.65","10952.31","10851.66"
"2013/01/16","10600.44","10806.41","10806.41","10591.30"
"2013/01/17","10609.64","10660.94","10694.85","10432.97"
"2013/01/18","10913.30","10791.97","10913.30","10787.12"
"2013/01/21","10747.74","10941.45","10941.45","10747.74"
"2013/01/22","10709.93","10765.10","10859.42","10615.20"
"2013/01/23","10486.99","10575.60","10663.09","10486.99"
"2013/01/24","10620.87","10441.11","10634.74","10441.11"
"2013/01/25","10926.65","10797.30","10926.65","10790.95"
"2013/01/28","10824.31","11002.86","11002.86","10824.31"
"2013/01/29","10866.72","10751.01","10937.63","10751.01"
"2013/01/30","11113.95","10913.97","11113.95","10905.64"
"2013/01/31","11138.66","11057.50","11145.38","11007.77"
"2013/02/01","11191.34","11193.72","11237.84","11142.26"
"2013/02/04","11260.35","11254.16","11285.49","11194.74"
"2013/02/05","11046.92","11105.24","11170.85","11046.92"
"2013/02/06","11463.75","11236.70","11498.42","11232.05"
"2013/02/07","11357.07","11406.32","11446.81","11295.62"
"2013/02/08","11153.16","11179.97","11299.71","11135.89"
"2013/02/12","11369.12","11346.72","11460.64","11343.44"
"2013/02/13","11251.41","11333.72","11365.27","11196.66"
"2013/02/14","11307.28","11273.40","11356.54","11243.49"
"2013/02/15","11173.83","11239.21","11261.58","11065.06"
"2013/02/18","11407.87","11318.22","11445.46","11308.83"
"2013/02/19","11372.34","11336.45","11412.86","11336.45"
"2013/02/20","11468.28","11485.65","11510.52","11440.10"
"2013/02/21","11309.13","11404.73","11442.11","11301.77"
"2013/02/22","11385.94","11238.75","11390.65","11175.67"
"2013/02/25","11662.52","11564.55","11662.52","11562.10"
"2013/02/26","11398.81","11449.66","11520.24","11374.83"
"2013/02/27","11253.97","11418.56","11419.62","11253.97"
"2013/02/28","11559.36","11396.73","11563.75","11392.56"
"2013/03/01","11606.38","11464.71","11648.63","11464.71"
"2013/03/04","11652.29","11695.45","11767.68","11613.59"
"2013/03/05","11683.45","11732.57","11779.42","11666.38"
"2013/03/06","11932.27","11811.06","11933.82","11803.09"
"2013/03/07","11968.08","12037.25","12069.60","11946.01"
"2013/03/08","12283.62","12066.50","12283.62","12065.09"
"2013/03/11","12349.05","12363.09","12403.95","12300.83"
"2013/03/12","12314.81","12433.60","12461.97","12314.81"
"2013/03/13","12239.66","12252.29","12339.45","12234.48"
"2013/03/14","12381.19","12332.16","12395.73","12248.65"
"2013/03/15","12560.95","12437.68","12560.95","12434.47"
"2013/03/18","12220.63","12365.44","12373.17","12220.63"
"2013/03/19","12468.23","12405.61","12491.16","12401.12"
"2013/03/21","12635.69","12592.00","12650.26","12586.06"
"2013/03/22","12338.53","12498.51","12522.05","12338.53"
"2013/03/25","12546.46","12507.61","12594.36","12480.42"
"2013/03/26","12471.62","12461.79","12540.12","12456.04"
"2013/03/27","12493.79","12476.58","12502.26","12442.39"
"2013/03/28","12335.96","12457.13","12462.86","12286.37"
"2013/03/29","12397.91","12405.53","12425.96","12319.75"
"2013/04/01","12135.02","12371.34","12384.83","12133.00"
"2013/04/02","12003.43","12051.57","12107.40","11805.78"
"2013/04/03","12362.20","12112.09","12362.20","12102.05"
"2013/04/04","12634.54","12188.22","12634.54","12075.97"
"2013/04/05","12833.64","12880.82","13225.62","12831.10"
"2013/04/08","13192.59","13082.61","13225.22","13080.29"
"2013/04/09","13192.35","13309.13","13331.39","13151.73"
"2013/04/10","13288.13","13177.31","13325.15","13177.31"
"2013/04/11","13549.16","13444.95","13549.16","13384.11"
"2013/04/12","13485.14","13568.25","13568.25","13402.86"
"2013/04/15","13275.66","13345.86","13408.29","13257.86"
"2013/04/16","13221.44","13023.91","13312.23","13004.46"
"2013/04/17","13382.89","13330.50","13397.50","13318.69"
"2013/04/18","13220.07","13272.22","13377.74","13200.85"
"2013/04/19","13316.48","13268.43","13338.75","13186.89"
"2013/04/22","13568.37","13537.17","13611.58","13529.44"
"2013/04/23","13529.65","13545.60","13585.35","13505.53"
"2013/04/24","13843.46","13687.28","13843.46","13686.78"
"2013/04/25","13926.08","13887.53","13974.26","13827.96"
"2013/04/26","13884.13","13978.98","13983.87","13852.20"
"2013/04/30","13860.86","13854.82","13897.06","13778.75"
"2013/05/01","13799.35","13837.72","13844.82","13782.00"
"2013/05/02","13694.04","13727.25","13780.48","13637.96"
"2013/05/07","14180.24","13960.04","14196.38","13951.81"
"2013/05/08","14285.69","14196.20","14421.38","14186.83"
"2013/05/09","14191.48","14366.95","14409.82","14191.48"
"2013/05/10","14607.54","14449.24","14636.81","14426.74"
"2013/05/13","14782.21","14759.50","14849.01","14727.70"
"2013/05/14","14758.42","14822.56","14839.79","14755.08"
"2013/05/15","15096.03","14962.34","15108.83","14956.38"
"2013/05/16","15037.24","15146.05","15155.72","14879.51"
"2013/05/17","15138.12","14926.42","15157.32","14902.30"
"2013/05/20","15360.81","15260.61","15381.74","15245.80"
"2013/05/21","15381.02","15264.79","15388.37","15264.42"
"2013/05/22","15627.26","15440.69","15706.63","15432.64"
"2013/05/23","14483.98","15739.98","15942.60","14483.98"
"2013/05/24","14612.45","14731.75","15007.50","13981.52"
"2013/05/27","14142.65","14373.82","14381.28","14027.42"
"2013/05/28","14311.98","13943.62","14399.78","13943.62"
"2013/05/29","14326.46","14492.55","14512.28","14243.49"
"2013/05/30","13589.03","14072.90","14098.16","13555.66"
"2013/05/31","13774.54","13804.23","13916.56","13681.39"
"2013/06/03","13261.82","13551.36","13562.87","13261.82"
"2013/06/04","13533.76","13186.60","13610.25","13060.94"
"2013/06/05","13014.87","13566.75","13711.42","13011.16"
"2013/06/06","12904.02","12925.29","13238.53","12862.02"
"2013/06/07","12877.53","12706.41","13106.20","12548.20"
"2013/06/10","13514.20","13141.85","13514.20","13141.37"
"2013/06/11","13317.62","13504.77","13584.31","13296.31"
"2013/06/12","13289.32","13087.66","13332.72","12994.08"
"2013/06/13","12445.38","13038.02","13050.11","12415.85"
"2013/06/14","12686.52","12668.90","12900.65","12629.31"
"2013/06/17","13033.12","12584.37","13033.12","12549.82"
"2013/06/18","13007.28","13015.15","13139.48","12919.03"
"2013/06/19","13245.22","13233.08","13296.62","13107.65"
"2013/06/20","13014.58","13101.85","13190.82","12966.41"
"2013/06/21","13230.13","12787.87","13330.35","12702.67"
"2013/06/24","13062.78","13417.54","13426.13","13026.23"
"2013/06/25","12969.34","13081.62","13234.89","12758.22"
"2013/06/26","12834.01","13152.75","13189.84","12826.51"
"2013/06/27","13213.55","12968.72","13213.55","12873.50"
"2013/06/28","13677.32","13383.92","13724.44","13354.70"
"2013/07/01","13852.50","13746.72","13862.71","13562.70"
"2013/07/02","14098.74","13969.15","14098.74","13898.54"
"2013/07/03","14055.56","14149.99","14164.77","13984.08"
"2013/07/04","14018.93","13970.27","14093.02","13962.30"
"2013/07/05","14309.97","14150.85","14309.97","14149.50"
"2013/07/08","14109.34","14491.07","14497.65","14109.34"
"2013/07/09","14472.90","14295.44","14472.90","14186.03"
"2013/07/10","14416.60","14464.82","14555.33","14287.69"
"2013/07/11","14472.58","14275.26","14496.67","14275.26"
"2013/07/12","14506.25","14475.17","14574.17","14417.30"
"2013/07/16","14599.12","14594.88","14638.80","14550.89"
"2013/07/17","14615.04","14491.80","14615.04","14460.56"
"2013/07/18","14808.50","14645.25","14827.73","14645.25"
"2013/07/19","14589.91","14909.76","14953.29","14413.28"
"2013/07/22","14658.04","14770.02","14770.02","14514.29"
"2013/07/23","14778.51","14555.36","14820.18","14549.06"
"2013/07/24","14731.28","14719.64","14751.87","14630.68"
"2013/07/25","14562.93","14747.21","14748.77","14533.21"
"2013/07/26","14129.98","14339.39","14376.01","14114.52"
"2013/07/29","13661.13","13899.27","13953.85","13661.13"
"2013/07/30","13869.82","13634.20","13909.45","13613.78"
"2013/07/31","13668.32","13733.55","13836.03","13644.21"
"2013/08/01","14005.77","13674.50","14005.77","13645.61"
"2013/08/02","14466.16","14178.66","14466.16","14146.92"
"2013/08/05","14258.04","14318.21","14370.98","14225.50"
"2013/08/06","14401.06","14237.10","14401.06","14031.61"
"2013/08/07","13824.94","14155.95","14164.70","13824.94"
"2013/08/08","13605.56","13779.47","14031.14","13556.65"
"2013/08/09","13615.19","13673.49","13754.96","13527.81"
"2013/08/12","13519.43","13469.70","13658.86","13430.64"
"2013/08/13","13867.00","13696.36","13867.00","13689.49"
"2013/08/14","14050.16","13936.74","14050.16","13747.18"
"2013/08/15","13752.94","13845.64","13981.16","13711.12"
"2013/08/16","13650.11","13532.61","13739.52","13532.61"
"2013/08/19","13758.13","13669.74","13758.13","13589.78"
"2013/08/20","13396.38","13632.96","13730.09","13383.18"
"2013/08/21","13424.33","13431.28","13499.99","13250.36"
"2013/08/22","13365.17","13314.05","13447.33","13238.73"
"2013/08/23","13660.55","13583.76","13774.66","13575.40"
"2013/08/26","13636.28","13719.56","13741.49","13586.84"
"2013/08/27","13542.37","13551.75","13678.79","13517.10"
"2013/08/28","13338.46","13285.03","13392.57","13188.14"
"2013/08/29","13459.71","13382.95","13463.14","13364.82"
"2013/08/30","13388.86","13573.24","13615.98","13335.91"
"2013/09/02","13572.92","13438.07","13613.48","13407.53"
"2013/09/03","13978.44","13748.68","13978.44","13748.68"
"2013/09/04","14053.87","13875.17","14056.88","13843.61"
"2013/09/05","14064.82","14140.20","14156.50","13981.52"
"2013/09/06","13860.81","14088.41","14099.13","13834.52"
"2013/09/09","14205.23","14141.67","14251.46","14117.68"
"2013/09/10","14423.36","14318.72","14441.81","14296.78"
"2013/09/11","14425.07","14511.74","14561.46","14422.72"
"2013/09/12","14387.27","14397.90","14455.37","14321.57"
"2013/09/13","14404.67","14316.70","14439.93","14233.12"
"2013/09/17","14311.67","14456.99","14474.53","14311.67"
"2013/09/18","14505.36","14411.55","14625.97","14396.41"
"2013/09/19","14766.18","14680.40","14766.18","14581.79"
"2013/09/20","14742.42","14801.64","14816.65","14702.25"
"2013/09/24","14732.61","14626.04","14767.72","14607.27"
"2013/09/25","14620.53","14713.03","14737.98","14620.53"
"2013/09/26","14799.12","14553.06","14799.12","14410.52"
"2013/09/27","14760.07","14803.99","14817.50","14699.21"
"2013/09/30","14455.80","14530.62","14619.24","14425.82"
"2013/10/01","14484.72","14517.98","14642.97","14471.70"
"2013/10/02","14170.49","14492.47","14569.20","14114.54"
"2013/10/03","14157.25","14140.11","14219.89","14082.31"
"2013/10/04","14024.31","14029.73","14149.77","13944.27"
"2013/10/07","13853.32","14057.79","14073.23","13841.93"
"2013/10/08","13894.61","13794.74","13929.64","13748.94"
"2013/10/09","14037.84","13789.89","14037.84","13751.85"
"2013/10/10","14194.71","14097.62","14200.31","14077.03"
"2013/10/11","14404.74","14376.89","14447.87","14320.30"
"2013/10/15","14441.54","14510.27","14510.37","14415.76"
"2013/10/16","14467.14","14433.64","14493.67","14417.61"
"2013/10/17","14586.51","14640.08","14664.22","14492.67"
"2013/10/18","14561.54","14589.60","14610.09","14503.09"
"2013/10/21","14693.57","14624.03","14727.85","14624.03"
"2013/10/22","14713.25","14677.08","14747.77","14641.78"
"2013/10/23","14426.05","14784.41","14799.28","14426.05"
"2013/10/24","14486.41","14344.74","14499.52","14273.71"
"2013/10/25","14088.19","14439.14","14442.12","14088.19"
"2013/10/28","14396.04","14261.65","14400.32","14194.42"
"2013/10/29","14325.98","14288.72","14395.96","14224.59"
"2013/10/30","14502.35","14464.67","14526.88","14425.58"
"2013/10/31","14327.94","14474.01","14516.08","14324.17"
"2013/11/01","14201.57","14403.07","14411.05","14126.41"
"2013/11/05","14225.37","14319.75","14323.24","14141.82"
"2013/11/06","14337.31","14155.34","14407.69","14130.86"
"2013/11/07","14228.44","14355.56","14371.56","14222.03"
"2013/11/08","14086.80","14026.17","14122.28","14026.17"
"2013/11/11","14269.84","14271.48","14304.29","14208.13"
"2013/11/12","14588.68","14289.87","14588.68","14278.21"
"2013/11/13","14567.16","14527.97","14599.53","14490.92"
"2013/11/14","14876.41","14665.75","14966.43","14665.75"
"2013/11/15","15165.92","15034.33","15203.11","14994.70"
"2013/11/18","15164.30","15253.24","15273.61","15106.82"
"2013/11/19","15126.56","15096.63","15163.06","15020.33"
"2013/11/20","15076.08","15176.35","15209.67","15069.98"
"2013/11/21","15365.60","15176.65","15377.00","15168.47"
"2013/11/22","15381.72","15513.45","15579.39","15307.44"
"2013/11/25","15619.13","15504.78","15619.13","15469.87"
"2013/11/26","15515.24","15501.95","15577.97","15460.97"
"2013/11/27","15449.63","15414.52","15512.76","15414.52"
"2013/11/28","15727.12","15622.19","15729.09","15605.73"
"2013/11/29","15661.87","15661.43","15727.96","15507.17"
"2013/12/02","15655.07","15659.74","15703.02","15579.54"
"2013/12/03","15749.66","15747.54","15794.15","15661.90"
"2013/12/04","15407.94","15520.20","15579.36","15326.06"
"2013/12/05","15177.49","15354.53","15430.20","15139.12"
"2013/12/06","15299.86","15112.54","15327.37","15112.54"
"2013/12/09","15650.21","15556.60","15650.21","15547.29"
"2013/12/10","15611.31","15633.97","15633.97","15562.06"
"2013/12/11","15515.06","15509.93","15562.30","15386.11"
"2013/12/12","15341.82","15377.32","15392.66","15255.36"
"2013/12/13","15403.11","15316.89","15532.94","15251.45"
"2013/12/16","15152.91","15408.35","15408.35","15146.13"
"2013/12/17","15278.63","15290.22","15322.13","15248.42"
"2013/12/18","15587.80","15273.24","15588.42","15268.18"
"2013/12/19","15859.22","15809.43","15891.82","15798.85"
"2013/12/20","15870.42","15790.69","15870.42","15755.36"
"2013/12/24","15889.33","15955.90","16029.65","15849.00"
"2013/12/25","16009.99","15861.13","16010.54","15853.51"
"2013/12/26","16174.44","16087.07","16186.04","16082.28"
"2013/12/27","16178.94","16229.43","16232.69","16056.73"
"2013/12/30","16291.31","16269.22","16320.22","16182.71"
"2014/01/06","15908.88","16147.54","16164.01","15864.44"
"2014/01/07","15814.37","15835.41","15935.37","15784.25"
"2014/01/08","16121.45","15943.68","16121.45","15906.57"
"2014/01/09","15880.33","16002.88","16004.56","15838.44"
"2014/01/10","15912.06","15785.15","15922.14","15754.70"
"2014/01/14","15422.40","15657.20","15661.71","15383.69"
"2014/01/15","15808.73","15649.07","15808.73","15636.57"
"2014/01/16","15747.20","15845.15","15941.08","15710.14"
"2014/01/17","15734.46","15695.46","15783.37","15621.80"
"2014/01/20","15641.68","15724.14","15727.26","15574.23"
"2014/01/21","15795.96","15710.89","15894.68","15705.84"
"2014/01/22","15820.96","15749.01","15870.53","15631.41"
"2014/01/23","15695.89","15900.63","15958.58","15690.45"
"2014/01/24","15391.56","15473.57","15485.02","15288.32"
"2014/01/27","15005.73","15091.45","15109.68","14933.55"
"2014/01/28","14980.16","15038.64","15088.12","14952.83"
"2014/01/29","15383.91","15164.34","15383.91","15159.92"
"2014/01/30","15007.06","15112.70","15112.70","14853.83"
"2014/01/31","14914.53","15132.23","15143.88","14764.57"
"2014/02/03","14619.13","14788.56","14846.93","14615.05"
"2014/02/04","14008.47","14353.33","14355.92","14008.47"
"2014/02/05","14180.38","14213.10","14245.06","13995.86"
"2014/02/06","14155.12","14233.42","14308.07","14155.12"
"2014/02/07","14462.41","14387.11","14471.95","14356.59"
"2014/02/10","14718.34","14647.83","14725.92","14568.30"
"2014/02/12","14800.06","14821.73","14874.79","14769.04"
"2014/02/13","14534.74","14785.84","14787.62","14488.32"
"2014/02/14","14313.03","14538.20","14678.71","14243.17"
"2014/02/17","14393.11","14343.73","14427.95","14214.60"
"2014/02/18","14843.24","14514.47","14900.24","14469.49"
"2014/02/19","14766.53","14729.48","14805.66","14679.19"
"2014/02/20","14449.18","14701.14","14731.48","14428.73"
"2014/02/21","14865.67","14618.61","14888.81","14618.61"
"2014/02/24","14837.68","14803.64","14982.53","14658.14"
"2014/02/25","15051.60","15002.51","15094.54","14957.49"
"2014/02/26","14970.97","14896.49","15084.53","14896.49"
"2014/02/27","14923.11","14939.87","15015.01","14844.37"
"2014/02/28","14841.07","14929.55","14943.65","14735.52"
"2014/03/03","14652.23","14666.93","14684.70","14443.10"
"2014/03/04","14721.48","14553.95","14750.09","14546.34"
"2014/03/05","14897.63","14905.95","14992.19","14897.63"
"2014/03/06","15134.75","14933.76","15203.12","14871.56"
"2014/03/07","15274.07","15280.76","15312.60","15145.59"
"2014/03/10","15120.14","15197.53","15266.12","15088.11"
"2014/03/11","15224.11","15179.47","15256.03","15124.36"
"2014/03/12","14830.39","15003.80","15020.14","14828.18"
"2014/03/13","14815.98","14847.72","14919.84","14790.48"
"2014/03/14","14327.66","14526.28","14539.60","14280.75"
"2014/03/17","14277.67","14254.32","14359.16","14203.21"
"2014/03/18","14411.27","14491.41","14533.25","14399.72"
"2014/03/19","14462.52","14495.73","14663.54","14302.37"
"2014/03/20","14224.23","14548.76","14548.76","14207.83"
"2014/03/24","14475.30","14297.58","14514.28","14287.28"
"2014/03/25","14423.19","14401.69","14531.79","14312.08"
"2014/03/26","14477.16","14521.00","14569.90","14401.42"
"2014/03/27","14622.89","14305.67","14659.85","14227.81"
"2014/03/28","14696.03","14576.25","14713.45","14520.57"
"2014/03/31","14827.83","14839.54","14843.67","14718.01"
"2014/04/01","14791.99","14870.51","14870.51","14751.29"
"2014/04/02","14946.32","14897.88","15069.61","14893.17"
"2014/04/03","15071.88","15009.18","15164.39","14976.36"
"2014/04/04","15063.77","15005.54","15098.38","15000.69"
"2014/04/07","14808.85","14880.82","14895.58","14764.37"
"2014/04/08","14606.88","14715.80","14740.10","14605.31"
"2014/04/09","14299.69","14436.05","14502.02","14279.34"
"2014/04/10","14300.12","14484.54","14513.14","14234.45"
"2014/04/11","13960.05","14027.80","14065.97","13885.11"
"2014/04/14","13910.16","13887.23","14008.29","13885.22"
"2014/04/15","13996.81","14068.75","14096.86","13969.17"
"2014/04/16","14417.68","14126.87","14420.30","14125.59"
"2014/04/17","14417.53","14395.95","14500.66","14351.85"
"2014/04/18","14516.27","14489.37","14536.67","14442.74"
"2014/04/21","14512.38","14549.45","14649.50","14503.17"
"2014/04/22","14388.77","14586.29","14604.30","14388.77"
"2014/04/23","14546.27","14480.41","14546.27","14459.29"
"2014/04/24","14404.99","14563.25","14563.25","14367.13"
"2014/04/25","14429.26","14369.72","14554.32","14327.60"
"2014/04/28","14288.23","14289.82","14324.03","14224.47"
"2014/04/30","14304.11","14393.51","14421.22","14275.69"
"2014/05/01","14485.13","14341.09","14493.03","14341.09"
"2014/05/02","14457.51","14454.44","14473.75","14405.77"
"2014/05/07","14033.45","14296.25","14299.13","14033.45"
"2014/05/08","14163.78","14136.41","14254.44","14108.16"
"2014/05/09","14199.59","14101.98","14266.29","14091.20"
"2014/05/12","14149.52","14173.49","14234.49","14130.30"
"2014/05/13","14425.44","14367.94","14464.01","14359.74"
"2014/05/14","14405.76","14385.60","14419.65","14349.87"
"2014/05/15","14298.21","14280.51","14306.36","14190.27"
"2014/05/16","14096.59","14087.76","14108.44","14016.49"
"2014/05/19","14006.44","14130.09","14150.50","13991.80"
"2014/05/20","14075.25","14088.45","14144.04","14038.06"
"2014/05/21","14042.17","13969.71","14054.24","13964.43"
"2014/05/22","14337.79","14188.28","14369.02","14147.55"
"2014/05/23","14462.17","14411.10","14528.04","14404.80"
"2014/05/26","14602.52","14592.60","14602.52","14531.32"
"2014/05/27","14636.52","14589.79","14744.16","14588.68"
"2014/05/28","14670.95","14646.93","14717.29","14608.54"
"2014/05/29","14681.72","14585.64","14714.95","14574.02"
"2014/05/30","14632.38","14707.66","14741.10","14591.62"
"2014/06/02","14935.92","14777.51","14963.91","14777.51"
"2014/06/03","15034.25","15089.04","15091.49","15026.01"
"2014/06/04","15067.96","15067.41","15071.78","14985.21"
"2014/06/05","15079.37","15112.59","15141.14","15016.81"
"2014/06/06","15077.24","15138.75","15144.34","15042.59"
"2014/06/09","15124.00","15204.31","15206.57","15116.03"
"2014/06/10","14994.80","15130.74","15184.77","14966.80"
"2014/06/11","15069.48","15000.13","15075.72","14998.63"
"2014/06/12","14973.53","14942.15","14992.96","14862.08"
